;Unnamed: 0;Unnamed: 0.1;Unnamed: 0.1.1;power_W;ambient_temperature_C;Unnamed: 2
0;0;0;0;0;22.0;0.0
1;1;1;1;0;22.0;0.0
2;2;2;2;0;22.0;0.0
3;3;3;3;0;22.0;0.0
4;4;4;4;0;22.0;0.0
5;5;5;5;0;22.0;0.0
6;6;6;6;0;22.0;0.0
7;7;7;7;0;22.0;0.0
8;8;8;8;0;22.0;0.0
9;9;9;9;0;22.0;0.0
10;10;10;10;0;22.0;0.0
11;11;11;11;0;22.0;0.0
12;12;12;12;0;22.0;0.0
13;13;13;13;0;22.0;0.0
14;14;14;14;0;22.0;0.0
15;15;15;15;0;22.0;0.0
16;16;16;16;0;22.0;0.0
17;17;17;17;0;22.0;0.0
18;18;18;18;0;22.0;0.0
19;19;19;19;0;22.0;0.0
20;20;20;20;0;22.0;0.0
21;21;21;21;0;22.0;0.0
22;22;22;22;0;22.0;0.0
23;23;23;23;0;22.0;0.0
24;24;24;24;0;22.0;0.0
25;25;25;25;0;22.0;0.0
26;26;26;26;0;22.0;0.0
27;27;27;27;0;22.0;0.0
28;28;28;28;0;22.0;0.0
29;29;29;29;0;22.0;0.0
30;30;30;30;0;22.0;0.0
31;31;31;31;0;22.0;0.0
32;32;32;32;0;22.0;0.0
33;33;33;33;0;22.0;0.0
34;34;34;34;0;22.0;0.0
35;35;35;35;0;22.0;0.0
36;36;36;36;0;22.0;0.0
37;37;37;37;0;22.0;0.0
38;38;38;38;0;22.0;0.0
39;39;39;39;0;22.0;0.0
40;40;40;40;0;22.0;0.0
41;41;41;41;0;22.0;0.0
42;42;42;42;0;22.0;0.0
43;43;43;43;0;22.0;0.0
44;44;44;44;0;22.0;0.0
45;45;45;45;0;22.0;0.0
46;46;46;46;0;22.0;0.0
47;47;47;47;0;22.0;0.0
48;48;48;48;0;22.0;0.0
49;49;49;49;0;22.0;0.0
50;50;50;50;0;22.0;0.0
51;51;51;51;0;22.0;0.0
52;52;52;52;0;22.0;0.0
53;53;53;53;0;22.0;0.0
54;54;54;54;0;22.0;0.0
55;55;55;55;0;22.0;0.0
56;56;56;56;0;22.0;0.0
57;57;57;57;0;22.0;0.0
58;58;58;58;0;22.0;0.0
59;59;59;59;0;22.0;0.0
60;60;60;60;0;22.0;0.0
61;61;61;61;0;22.0;0.0
62;62;62;62;0;22.0;0.0
63;63;63;63;0;22.0;0.0
64;64;64;64;0;22.0;0.0
65;65;65;65;0;22.0;0.0
66;66;66;66;0;22.0;0.0
67;67;67;67;0;22.0;0.0
68;68;68;68;0;22.0;0.0
69;69;69;69;0;22.0;0.0
70;70;70;70;0;22.0;0.0
71;71;71;71;0;22.0;0.0
72;72;72;72;0;22.0;0.0
73;73;73;73;0;22.0;0.0
74;74;74;74;0;22.0;0.0
75;75;75;75;0;22.0;0.0
76;76;76;76;0;22.0;0.0
77;77;77;77;0;22.0;0.0
78;78;78;78;0;22.0;0.0
79;79;79;79;0;22.0;0.0
80;80;80;80;0;22.0;0.0
81;81;81;81;100000;22.0;1.666666667
82;82;82;82;100000;22.0;3.333333333
83;83;83;83;100000;22.0;5.0
84;84;84;84;100000;22.0;6.666666667
85;85;85;85;100000;22.0;8.333333333
86;86;86;86;100000;22.0;10.0
87;87;87;87;100000;22.0;11.66666667
88;88;88;88;100000;22.0;13.33333333
89;89;89;89;100000;22.0;15.0
90;90;90;90;100000;22.0;16.66666667
91;91;91;91;100000;22.0;18.33333333
92;92;92;92;100000;22.0;20.0
93;93;93;93;100000;22.0;21.66666667
94;94;94;94;100000;22.0;23.33333333
95;95;95;95;100000;22.0;25.0
96;96;96;96;100000;22.0;26.66666667
97;97;97;97;100000;22.0;28.33333333
98;98;98;98;100000;22.0;30.0
99;99;99;99;100000;19.07142857142857;31.66666667
100;100;100;100;100000;19.285714285714285;33.33333333
101;101;101;101;100000;19.5;35.0
102;102;102;102;100000;19.714285714285715;36.66666667
103;103;103;103;100000;19.928571428571427;38.33333333
104;104;104;104;100000;20.142857142857142;40.0
105;105;105;105;100000;20.357142857142858;41.66666667
106;106;106;106;100000;20.57142857142857;43.33333333
107;107;107;107;100000;20.785714285714285;45.0
108;108;108;108;100000;21.0;46.66666667
109;109;109;109;100000;21.214285714285715;48.33333333
110;110;110;110;100000;21.428571428571427;50.0
111;111;111;111;100000;21.642857142857142;51.66666667
112;112;112;112;100000;21.857142857142858;53.33333333
113;113;113;113;100000;22.07142857142857;55.0
114;114;114;114;100000;22.285714285714285;56.66666667
115;115;115;115;100000;22.5;58.33333333
116;116;116;116;100000;22.714285714285715;60.0
117;117;117;117;100000;22.928571428571427;61.66666667
118;118;118;118;100000;23.142857142857142;63.33333333
119;119;119;119;100000;23.357142857142858;65.0
120;120;120;120;100000;23.57142857142857;66.66666667
121;121;121;121;100000;23.785714285714285;68.33333333
122;122;122;122;100000;24.0;70.0
123;123;123;123;100000;24.214285714285715;71.66666667
124;124;124;124;100000;24.428571428571427;73.33333333
125;125;125;125;100000;24.642857142857146;75.0
126;126;126;126;100000;24.857142857142854;76.66666667
127;127;127;127;100000;25.07142857142857;78.33333333
128;128;128;128;100000;25.285714285714285;80.0
129;129;129;129;100000;25.5;81.66666667
130;130;130;130;100000;25.714285714285715;83.33333333
131;131;131;131;100000;25.928571428571427;85.0
132;132;132;132;100000;26.142857142857146;86.66666667
133;133;133;133;100000;26.357142857142854;88.33333333
134;134;134;134;100000;26.57142857142857;90.0
135;135;135;135;100000;26.78571428571428;91.66666667
136;136;136;136;100000;27.0;93.33333333
137;137;137;137;100000;27.214285714285715;95.0
138;138;138;138;100000;27.428571428571427;96.66666667
139;139;139;139;100000;27.642857142857146;98.33333333
140;140;140;140;100000;27.857142857142854;100.0
141;141;141;141;0;27.857142857142854;100.0
142;142;142;142;0;27.857142857142854;100.0
143;143;143;143;0;27.857142857142854;100.0
144;144;144;144;0;27.857142857142854;100.0
145;145;145;145;0;27.857142857142854;100.0
146;146;146;146;0;27.857142857142854;100.0
147;147;147;147;0;27.857142857142854;100.0
148;148;148;148;0;27.857142857142854;100.0
149;149;149;149;0;27.857142857142854;100.0
150;150;150;150;0;27.857142857142854;100.0
151;151;151;151;0;27.857142857142854;100.0
152;152;152;152;0;27.857142857142854;100.0
153;153;153;153;0;27.857142857142854;100.0
154;154;154;154;0;27.857142857142854;100.0
155;155;155;155;0;27.857142857142854;100.0
156;156;156;156;0;27.857142857142854;100.0
157;157;157;157;0;27.857142857142854;100.0
158;158;158;158;0;27.857142857142854;100.0
159;159;159;159;0;27.857142857142854;100.0
160;160;160;160;0;27.857142857142854;100.0
161;161;161;161;-100000;28.07142857142857;98.33333333
162;162;162;162;-100000;28.28571428571428;96.66666667
163;163;163;163;-100000;28.5;95.0
164;164;164;164;-100000;28.714285714285715;93.33333333
165;165;165;165;-100000;28.928571428571427;91.66666667
166;166;166;166;-100000;29.142857142857146;90.0
167;167;167;167;-100000;29.357142857142854;88.33333333
168;168;168;168;-100000;29.57142857142857;86.66666667
169;169;169;169;-100000;29.78571428571428;85.0
170;170;170;170;-100000;30.0;83.33333333
171;171;171;171;-100000;30.214285714285715;81.66666667
172;172;172;172;-100000;30.428571428571427;80.0
173;173;173;173;-100000;30.642857142857146;78.33333333
174;174;174;174;-100000;30.857142857142854;76.66666667
175;175;175;175;-100000;31.071428571428573;75.0
176;176;176;176;-100000;31.285714285714285;73.33333333
177;177;177;177;-100000;31.5;71.66666667
178;178;178;178;-100000;31.714285714285715;70.0
179;179;179;179;-100000;31.928571428571427;68.33333333
180;180;180;180;-100000;32.14285714285714;66.66666667
181;181;181;181;-100000;32.14285714285714;65.0
182;182;182;182;-100000;32.142857142857146;63.33333333
183;183;183;183;-100000;32.142857142857146;61.66666667
184;184;184;184;-100000;32.14285714285714;60.0
185;185;185;185;-100000;32.14285714285714;58.33333333
186;186;186;186;-100000;32.14285714285714;56.66666667
187;187;187;187;-100000;32.14285714285714;55.0
188;188;188;188;-100000;32.14285714285714;53.33333333
189;189;189;189;-100000;32.142857142857146;51.66666667
190;190;190;190;-100000;32.142857142857146;50.0
191;191;191;191;-100000;32.14285714285714;48.33333333
192;192;192;192;-100000;32.14285714285714;46.66666667
193;193;193;193;-100000;32.14285714285714;45.0
194;194;194;194;-100000;32.14285714285714;43.33333333
195;195;195;195;-100000;32.14285714285714;41.66666667
196;196;196;196;-100000;32.142857142857146;40.0
197;197;197;197;-100000;32.142857142857146;38.33333333
198;198;198;198;-100000;32.14285714285714;36.66666667
199;199;199;199;-100000;32.14285714285714;35.0
200;200;200;200;-100000;32.14285714285714;33.33333333
201;201;201;201;-100000;32.14285714285714;31.66666667
202;202;202;202;-100000;32.14285714285714;30.0
203;203;203;203;-100000;32.14285714285714;28.33333333
204;204;204;204;-100000;32.142857142857146;26.66666667
205;205;205;205;-100000;32.14285714285714;25.0
206;206;206;206;-100000;32.14285714285714;23.33333333
207;207;207;207;-100000;32.14285714285714;21.66666667
208;208;208;208;-100000;32.14285714285714;20.0
209;209;209;209;0;31.928571428571427;20.0
210;210;210;210;0;31.714285714285715;20.0
211;211;211;211;0;31.5;20.0
212;212;212;212;0;31.28571428571428;20.0
213;213;213;213;0;31.07142857142857;20.0
214;214;214;214;0;30.857142857142854;20.0
215;215;215;215;0;30.64285714285714;20.0
216;216;216;216;0;30.428571428571427;20.0
217;217;217;217;0;30.214285714285715;20.0
218;218;218;218;0;29.999999999999993;20.0
219;219;219;219;0;29.78571428571428;20.0
220;220;220;220;0;29.57142857142857;20.0
221;221;221;221;0;29.357142857142854;20.0
222;222;222;222;0;29.14285714285714;20.0
223;223;223;223;0;28.928571428571427;20.0
224;224;224;224;0;28.714285714285715;20.0
225;225;225;225;0;28.499999999999993;20.0
226;226;226;226;0;28.28571428571428;20.0
227;227;227;227;0;28.07142857142857;20.0
228;228;228;228;0;27.857142857142854;20.0
229;229;229;229;0;27.64285714285714;20.0
230;230;230;230;0;27.428571428571427;20.0
231;231;231;231;0;27.214285714285715;20.0
232;232;232;232;0;26.999999999999993;20.0
233;233;233;233;0;26.78571428571428;20.0
234;234;234;234;0;26.57142857142857;20.0
235;235;235;235;0;26.357142857142854;20.0
236;236;236;236;0;26.14285714285714;20.0
237;237;237;237;0;25.928571428571427;20.0
238;238;238;238;0;25.714285714285715;20.0
239;239;239;239;0;25.499999999999993;20.0
240;240;240;240;0;25.28571428571428;20.0
241;241;241;241;60000;25.414285714285715;21.0
242;242;242;242;60000;25.542857142857137;22.0
243;243;243;243;60000;25.67142857142857;23.0
244;244;244;244;60000;25.799999999999997;24.0
245;245;245;245;60000;25.928571428571427;25.0
246;246;246;246;60000;26.057142857142857;26.0
247;247;247;247;60000;26.185714285714283;27.0
248;248;248;248;60000;26.31428571428571;28.0
249;249;249;249;60000;26.44285714285714;29.0
250;250;250;250;60000;26.57142857142857;30.0
251;251;251;251;60000;26.700000000000003;31.0
252;252;252;252;60000;26.82857142857143;32.0
253;253;253;253;60000;26.957142857142856;33.0
254;254;254;254;60000;27.085714285714285;34.0
255;255;255;255;60000;27.214285714285715;35.0
256;256;256;256;60000;27.34285714285714;36.0
257;257;257;257;60000;27.471428571428568;37.0
258;258;258;258;60000;27.599999999999998;38.0
259;259;259;259;60000;27.728571428571428;39.0
260;260;260;260;60000;27.857142857142854;40.0
261;261;261;261;60000;27.77142857142857;41.0
262;262;262;262;60000;27.68571428571429;42.0
263;263;263;263;60000;27.599999999999998;43.0
264;264;264;264;60000;27.514285714285712;44.0
265;265;265;265;60000;27.428571428571427;45.0
266;266;266;266;60000;27.34285714285714;46.0
267;267;267;267;60000;27.257142857142856;47.0
268;268;268;268;60000;27.17142857142857;48.0
269;269;269;269;60000;27.085714285714285;49.0
270;270;270;270;60000;26.999999999999993;50.0
271;271;271;271;60000;26.914285714285715;51.0
272;272;272;272;60000;26.82857142857143;52.0
273;273;273;273;60000;26.74285714285714;53.0
274;274;274;274;60000;26.65714285714285;54.0
275;275;275;275;60000;26.57142857142857;55.0
276;276;276;276;60000;26.485714285714288;56.0
277;277;277;277;20000;26.31428571428571;56.33333333
278;278;278;278;20000;26.14285714285714;56.66666667
279;279;279;279;20000;25.971428571428568;57.0
280;280;280;280;20000;25.799999999999997;57.33333333
281;281;281;281;20000;25.628571428571426;57.66666667
282;282;282;282;20000;25.457142857142856;58.0
283;283;283;283;20000;25.285714285714285;58.33333333
284;284;284;284;20000;25.114285714285714;58.66666667
285;285;285;285;20000;24.94285714285714;59.0
286;286;286;286;20000;24.77142857142857;59.33333333
287;287;287;287;20000;24.599999999999998;59.66666667
288;288;288;288;20000;24.428571428571427;60.0
289;289;289;289;20000;24.257142857142856;60.33333333
290;290;290;290;20000;24.085714285714285;60.66666667
291;291;291;291;20000;23.914285714285715;61.0
292;292;292;292;20000;23.74285714285714;61.33333333
293;293;293;293;20000;23.57142857142857;61.66666667
294;294;294;294;20000;23.4;62.0
295;295;295;295;20000;23.228571428571428;62.33333333
296;296;296;296;20000;23.057142857142857;62.66666667
297;297;297;297;20000;22.885714285714286;63.0
298;298;298;298;20000;22.714285714285715;63.33333333
299;299;299;299;20000;22.54285714285714;63.66666667
300;300;300;300;20000;22.37142857142857;64.0
301;301;301;301;20000;22.200000000000003;64.33333333
302;302;302;302;20000;22.02857142857143;64.66666667
303;303;303;303;20000;21.857142857142858;65.0
304;304;304;304;20000;21.685714285714287;65.33333333
305;305;305;305;20000;21.514285714285712;65.66666667
306;306;306;306;20000;21.342857142857138;66.0
307;307;307;307;20000;21.17142857142857;66.33333333
308;308;308;308;20000;21.0;66.66666667
309;309;309;309;20000;21.042857142857144;67.0
310;310;310;310;20000;21.085714285714285;67.33333333
311;311;311;311;20000;21.12857142857143;67.66666667
312;312;312;312;20000;21.171428571428574;68.0
313;313;313;313;20000;21.214285714285715;68.33333333
314;314;314;314;20000;21.257142857142856;68.66666667
315;315;315;315;20000;21.299999999999997;69.0
316;316;316;316;0;21.299999999999997;69.0
317;317;317;317;0;21.299999999999997;69.0
318;318;318;318;0;21.299999999999997;69.0
319;319;319;319;0;21.299999999999997;69.0
320;320;320;320;0;21.299999999999997;69.0
321;321;321;321;0;21.299999999999997;69.0
322;322;322;322;0;21.299999999999997;69.0
323;323;323;323;0;21.299999999999997;69.0
324;324;324;324;0;21.299999999999997;69.0
325;325;325;325;0;21.299999999999997;69.0
326;326;326;326;0;21.299999999999997;69.0
327;327;327;327;0;21.299999999999997;69.0
328;328;328;328;0;21.299999999999997;69.0
329;329;329;329;0;21.299999999999997;69.0
330;330;330;330;0;21.299999999999997;69.0
331;331;331;331;0;21.299999999999997;69.0
332;332;332;332;0;21.299999999999997;69.0
333;333;333;333;0;21.299999999999997;69.0
334;334;334;334;0;21.299999999999997;69.0
335;335;335;335;0;21.299999999999997;69.0
336;336;336;336;0;21.299999999999997;69.0
337;337;337;337;0;21.299999999999997;69.0
338;338;338;338;0;21.299999999999997;69.0
339;339;339;339;0;21.299999999999997;69.0
340;340;340;340;0;21.299999999999997;69.0
341;341;341;341;0;21.17142857142857;69.0
342;342;342;342;0;21.04285714285714;69.0
343;343;343;343;0;20.914285714285715;69.0
344;344;344;344;0;20.785714285714285;69.0
345;345;345;345;0;20.657142857142855;69.0
346;346;346;346;0;20.52857142857143;69.0
347;347;347;347;0;20.4;69.0
348;348;348;348;0;20.27142857142857;69.0
349;349;349;349;0;20.142857142857142;69.0
350;350;350;350;0;20.014285714285712;69.0
351;351;351;351;0;19.885714285714286;69.0
352;352;352;352;0;19.757142857142856;69.0
353;353;353;353;0;19.628571428571426;69.0
354;354;354;354;0;19.5;69.0
355;355;355;355;0;19.37142857142857;69.0
356;356;356;356;0;19.242857142857144;69.0
357;357;357;357;0;19.114285714285714;69.0
358;358;358;358;0;18.985714285714288;69.0
359;359;359;359;0;18.857142857142858;69.0
360;360;360;360;0;18.728571428571428;69.0
361;361;361;361;0;18.6;69.0
362;362;362;362;0;18.471428571428568;69.0
363;363;363;363;0;18.342857142857145;69.0
364;364;364;364;0;18.214285714285715;69.0
365;365;365;365;0;18.085714285714285;69.0
366;366;366;366;0;17.957142857142856;69.0
367;367;367;367;0;17.828571428571426;69.0
368;368;368;368;0;17.700000000000003;69.0
369;369;369;369;0;17.57142857142857;69.0
370;370;370;370;0;17.442857142857143;69.0
371;371;371;371;0;17.314285714285713;69.0
372;372;372;372;0;17.185714285714287;69.0
373;373;373;373;0;17.057142857142857;69.0
374;374;374;374;0;16.928571428571427;69.0
375;375;375;375;0;16.799999999999997;69.0
376;376;376;376;0;16.67142857142857;69.0
377;377;377;377;0;16.62857142857143;69.0
378;378;378;378;0;16.585714285714285;69.0
379;379;379;379;0;16.542857142857144;69.0
380;380;380;380;0;16.5;69.0
381;381;381;381;0;16.457142857142856;69.0
382;382;382;382;0;16.414285714285715;69.0
383;383;383;383;0;16.37142857142857;69.0
384;384;384;384;0;16.328571428571426;69.0
385;385;385;385;0;16.285714285714285;69.0
386;386;386;386;0;16.242857142857144;69.0
387;387;387;387;0;16.200000000000003;69.0
388;388;388;388;0;16.157142857142855;69.0
389;389;389;389;0;16.114285714285714;69.0
390;390;390;390;0;16.07142857142857;69.0
391;391;391;391;0;16.02857142857143;69.0
392;392;392;392;0;15.985714285714288;69.0
393;393;393;393;0;15.942857142857143;69.0
394;394;394;394;0;15.899999999999999;69.0
395;395;395;395;0;15.857142857142858;69.0
396;396;396;396;0;15.814285714285713;69.0
397;397;397;397;0;15.771428571428569;69.0
398;398;398;398;0;15.728571428571426;69.0
399;399;399;399;0;15.685714285714287;69.0
400;400;400;400;0;15.642857142857142;69.0
401;401;401;401;0;15.600000000000001;69.0
402;402;402;402;0;15.557142857142857;69.0
403;403;403;403;0;15.514285714285712;69.0
404;404;404;404;0;15.471428571428572;69.0
405;405;405;405;0;15.42857142857143;69.0
406;406;406;406;0;15.385714285714286;69.0
407;407;407;407;0;15.342857142857142;69.0
408;408;408;408;0;15.299999999999999;69.0
409;409;409;409;0;15.257142857142856;69.0
410;410;410;410;0;15.214285714285714;69.0
411;411;411;411;0;15.17142857142857;69.0
412;412;412;412;0;15.128571428571428;69.0
413;413;413;413;0;15.085714285714285;69.0
414;414;414;414;0;15.042857142857143;69.0
415;415;415;415;0;15.0;69.0
416;416;416;416;0;15.0;69.0
417;417;417;417;0;15.0;69.0
418;418;418;418;0;15.0;69.0
419;419;419;419;-120000;15.25714285714286;67.0
420;420;420;420;-120000;15.514285714285712;65.0
421;421;421;421;-120000;15.771428571428574;63.0
422;422;422;422;-120000;16.028571428571432;61.0
423;423;423;423;0;16.028571428571432;61.0
424;424;424;424;0;16.028571428571432;61.0
425;425;425;425;0;16.028571428571432;61.0
426;426;426;426;0;16.028571428571432;61.0
427;427;427;427;0;16.028571428571432;61.0
428;428;428;428;0;16.028571428571432;61.0
429;429;429;429;120000;16.285714285714285;63.0
430;430;430;430;120000;16.542857142857144;65.0
431;431;431;431;120000;16.799999999999997;67.0
432;432;432;432;120000;17.057142857142857;69.0
433;433;433;433;120000;17.314285714285713;71.0
434;434;434;434;120000;17.571428571428573;73.0
435;435;435;435;0;17.571428571428573;73.0
436;436;436;436;0;17.571428571428573;73.0
437;437;437;437;0;17.571428571428573;73.0
438;438;438;438;0;17.571428571428573;73.0
439;439;439;439;0;17.571428571428573;73.0
440;440;440;440;0;17.571428571428573;73.0
441;441;441;441;0;17.571428571428573;73.0
442;442;442;442;0;17.571428571428573;73.0
443;443;443;443;0;17.571428571428573;73.0
444;444;444;444;0;17.571428571428573;73.0
445;445;445;445;0;17.571428571428573;73.0
446;446;446;446;0;17.571428571428573;73.0
447;447;447;447;0;17.571428571428573;73.0
448;448;448;448;0;17.571428571428573;73.0
449;449;449;449;0;17.571428571428573;73.0
450;450;450;450;0;17.571428571428573;73.0
451;451;451;451;0;17.571428571428573;73.0
452;452;452;452;0;17.571428571428573;73.0
453;453;453;453;0;17.571428571428573;73.0
454;454;454;454;0;17.571428571428573;73.0
455;455;455;455;0;17.571428571428573;73.0
456;456;456;456;0;17.571428571428573;73.0
457;457;457;457;0;17.571428571428573;73.0
458;458;458;458;0;17.571428571428573;73.0
459;459;459;459;0;17.571428571428573;73.0
460;460;460;460;0;17.571428571428573;73.0
461;461;461;461;0;17.571428571428573;73.0
462;462;462;462;0;17.571428571428573;73.0
463;463;463;463;0;17.571428571428573;73.0
464;464;464;464;0;17.571428571428573;73.0
465;465;465;465;0;17.571428571428573;73.0
466;466;466;466;0;17.571428571428573;73.0
467;467;467;467;0;17.571428571428573;73.0
468;468;468;468;0;17.571428571428573;73.0
469;469;469;469;0;17.571428571428573;73.0
470;470;470;470;0;17.571428571428573;73.0
471;471;471;471;0;17.571428571428573;73.0
472;472;472;472;0;17.571428571428573;73.0
473;473;473;473;0;17.571428571428573;73.0
474;474;474;474;0;17.571428571428573;73.0
475;475;475;475;0;17.571428571428573;73.0
476;476;476;476;0;17.571428571428573;73.0
477;477;477;477;0;17.571428571428573;73.0
478;478;478;478;0;17.571428571428573;73.0
479;479;479;479;0;17.571428571428573;73.0
480;480;480;480;0;17.571428571428573;73.0
481;481;481;481;0;17.571428571428573;73.0
482;482;482;482;0;17.571428571428573;73.0
483;483;483;483;0;17.571428571428573;73.0
484;484;484;484;0;17.571428571428573;73.0
485;485;485;485;0;17.571428571428573;73.0
486;486;486;486;0;17.571428571428573;73.0
487;487;487;487;0;17.571428571428573;73.0
488;488;488;488;0;17.571428571428573;73.0
489;489;489;489;0;17.571428571428573;73.0
490;490;490;490;0;17.571428571428573;73.0
491;491;491;491;0;17.571428571428573;73.0
492;492;492;492;0;17.571428571428573;73.0
493;493;493;493;0;17.571428571428573;73.0
494;494;494;494;0;17.571428571428573;73.0
495;495;495;495;0;17.571428571428573;73.0
496;496;496;496;0;17.571428571428573;73.0
497;497;497;497;0;17.571428571428573;73.0
498;498;498;498;0;17.571428571428573;73.0
499;499;499;499;0;17.571428571428573;73.0
500;500;500;500;0;17.571428571428573;73.0
501;501;501;501;0;17.571428571428573;73.0
502;502;502;502;0;17.571428571428573;73.0
503;503;503;503;0;17.571428571428573;73.0
504;504;504;504;0;17.571428571428573;73.0
505;505;505;505;0;17.571428571428573;73.0
506;506;506;506;0;17.571428571428573;73.0
507;507;507;507;0;17.571428571428573;73.0
508;508;508;508;0;17.571428571428573;73.0
509;509;509;509;0;17.571428571428573;73.0
510;510;510;510;0;17.571428571428573;73.0
511;511;511;511;0;17.571428571428573;73.0
512;512;512;512;0;17.571428571428573;73.0
513;513;513;513;0;17.571428571428573;73.0
514;514;514;514;0;17.571428571428573;73.0
515;515;515;515;0;17.571428571428573;73.0
516;516;516;516;0;17.571428571428573;73.0
517;517;517;517;0;17.571428571428573;73.0
518;518;518;518;0;17.571428571428573;73.0
519;519;519;519;0;17.314285714285717;73.0
520;520;520;520;0;17.05714285714286;73.0
521;521;521;521;0;16.799999999999997;73.0
522;522;522;522;0;16.542857142857144;73.0
523;523;523;523;0;16.542857142857144;73.0
524;524;524;524;0;16.542857142857144;73.0
525;525;525;525;0;16.542857142857144;73.0
526;526;526;526;0;16.542857142857144;73.0
527;527;527;527;0;16.542857142857144;73.0
528;528;528;528;0;16.542857142857144;73.0
529;529;529;529;0;16.285714285714285;73.0
530;530;530;530;0;16.028571428571432;73.0
531;531;531;531;0;15.771428571428574;73.0
532;532;532;532;0;15.514285714285718;73.0
533;533;533;533;0;15.257142857142856;73.0
534;534;534;534;0;15.0;73.0
535;535;535;535;0;15.0;73.0
536;536;536;536;0;15.0;73.0
537;537;537;537;0;15.0;73.0
538;538;538;538;-50000;15.107142857142858;72.16666667
539;539;539;539;-50000;15.214285714285715;71.33333333
540;540;540;540;-50000;15.321428571428573;70.5
541;541;541;541;-50000;15.42857142857143;69.66666667
542;542;542;542;-50000;15.535714285714286;68.83333333
543;543;543;543;-50000;15.642857142857142;68.0
544;544;544;544;-50000;15.75;67.16666667
545;545;545;545;-50000;15.857142857142858;66.33333333
546;546;546;546;-50000;15.964285714285714;65.5
547;547;547;547;-50000;16.07142857142857;64.66666667
548;548;548;548;-50000;16.17857142857143;63.83333333
549;549;549;549;-50000;16.285714285714285;63.0
550;550;550;550;-50000;16.392857142857142;62.16666667
551;551;551;551;-50000;16.5;61.33333333
552;552;552;552;-50000;16.607142857142858;60.5
553;553;553;553;-50000;16.714285714285715;59.66666667
554;554;554;554;-50000;16.82142857142857;58.83333333
555;555;555;555;-50000;16.92857142857143;58.0
556;556;556;556;-50000;17.035714285714285;57.16666667
557;557;557;557;-50000;17.142857142857142;56.33333333
558;558;558;558;-50000;17.25;55.5
559;559;559;559;-50000;17.357142857142858;54.66666667
560;560;560;560;-50000;17.464285714285715;53.83333333
561;561;561;561;-50000;17.57142857142857;53.0
562;562;562;562;-50000;17.67857142857143;52.16666667
563;563;563;563;-50000;17.785714285714285;51.33333333
564;564;564;564;-50000;17.892857142857142;50.5
565;565;565;565;-50000;18.0;49.66666667
566;566;566;566;-50000;18.107142857142858;48.83333333
567;567;567;567;-50000;18.214285714285715;48.0
568;568;568;568;-50000;18.32142857142857;47.16666667
569;569;569;569;-50000;18.42857142857143;46.33333333
570;570;570;570;-50000;18.535714285714285;45.5
571;571;571;571;-50000;18.642857142857142;44.66666667
572;572;572;572;-50000;18.75;43.83333333
573;573;573;573;-50000;18.857142857142858;43.0
574;574;574;574;-50000;18.964285714285715;42.16666667
575;575;575;575;-50000;19.07142857142857;41.33333333
576;576;576;576;-50000;19.17857142857143;40.5
577;577;577;577;-50000;19.285714285714285;39.66666667
578;578;578;578;-50000;19.392857142857142;38.83333333
579;579;579;579;0;19.392857142857142;38.83333333
580;580;580;580;0;19.392857142857142;38.83333333
581;581;581;581;0;19.392857142857142;38.83333333
582;582;582;582;0;19.392857142857142;38.83333333
583;583;583;583;0;19.392857142857142;38.83333333
584;584;584;584;0;19.392857142857142;38.83333333
585;585;585;585;0;19.392857142857142;38.83333333
586;586;586;586;0;19.392857142857142;38.83333333
587;587;587;587;0;19.392857142857142;38.83333333
588;588;588;588;0;19.392857142857142;38.83333333
589;589;589;589;0;19.392857142857142;38.83333333
590;590;590;590;0;19.392857142857142;38.83333333
591;591;591;591;0;19.392857142857142;38.83333333
592;592;592;592;0;19.392857142857142;38.83333333
593;593;593;593;0;19.392857142857142;38.83333333
594;594;594;594;0;19.392857142857142;38.83333333
595;595;595;595;0;19.392857142857142;38.83333333
596;596;596;596;0;19.392857142857142;38.83333333
597;597;597;597;0;19.392857142857142;38.83333333
598;598;598;598;0;19.392857142857142;38.83333333
599;599;599;599;0;19.392857142857142;38.83333333
600;600;600;600;0;19.392857142857142;38.83333333
601;601;601;601;0;19.392857142857142;38.83333333
602;602;602;602;0;19.392857142857142;38.83333333
603;603;603;603;0;19.392857142857142;38.83333333
604;604;604;604;0;19.392857142857142;38.83333333
605;605;605;605;0;19.392857142857142;38.83333333
606;606;606;606;0;19.392857142857142;38.83333333
607;607;607;607;0;19.392857142857142;38.83333333
608;608;608;608;0;19.392857142857142;38.83333333
609;609;609;609;0;19.392857142857142;38.83333333
610;610;610;610;0;19.392857142857142;38.83333333
611;611;611;611;0;19.392857142857142;38.83333333
612;612;612;612;0;19.392857142857142;38.83333333
613;613;613;613;0;19.392857142857142;38.83333333
614;614;614;614;0;19.392857142857142;38.83333333
615;615;615;615;0;19.392857142857142;38.83333333
616;616;616;616;0;19.392857142857142;38.83333333
617;617;617;617;0;19.392857142857142;38.83333333
618;618;618;618;0;19.392857142857142;38.83333333
619;619;619;619;0;19.392857142857142;38.83333333
620;620;620;620;0;19.392857142857142;38.83333333
621;621;621;621;0;19.392857142857142;38.83333333
622;622;622;622;0;19.392857142857142;38.83333333
623;623;623;623;0;19.392857142857142;38.83333333
624;624;624;624;0;19.392857142857142;38.83333333
625;625;625;625;0;19.392857142857142;38.83333333
626;626;626;626;0;19.392857142857142;38.83333333
627;627;627;627;0;19.392857142857142;38.83333333
628;628;628;628;0;19.392857142857142;38.83333333
629;629;629;629;0;19.392857142857142;38.83333333
630;630;630;630;0;19.392857142857142;38.83333333
631;631;631;631;0;19.392857142857142;38.83333333
632;632;632;632;0;19.392857142857142;38.83333333
633;633;633;633;0;19.392857142857142;38.83333333
634;634;634;634;0;19.392857142857142;38.83333333
635;635;635;635;0;19.392857142857142;38.83333333
636;636;636;636;0;19.392857142857142;38.83333333
637;637;637;637;0;19.392857142857142;38.83333333
638;638;638;638;0;19.285714285714285;38.83333333
639;639;639;639;0;19.17857142857143;38.83333333
640;640;640;640;0;19.071428571428573;38.83333333
641;641;641;641;0;18.964285714285715;38.83333333
642;642;642;642;0;18.857142857142858;38.83333333
643;643;643;643;0;18.75;38.83333333
644;644;644;644;0;18.642857142857142;38.83333333
645;645;645;645;0;18.535714285714285;38.83333333
646;646;646;646;0;18.42857142857143;38.83333333
647;647;647;647;0;18.321428571428573;38.83333333
648;648;648;648;0;18.214285714285715;38.83333333
649;649;649;649;0;18.107142857142858;38.83333333
650;650;650;650;0;18.0;38.83333333
651;651;651;651;0;17.892857142857142;38.83333333
652;652;652;652;0;17.785714285714285;38.83333333
653;653;653;653;0;17.67857142857143;38.83333333
654;654;654;654;0;17.571428571428573;38.83333333
655;655;655;655;0;17.464285714285715;38.83333333
656;656;656;656;0;17.357142857142858;38.83333333
657;657;657;657;0;17.25;38.83333333
658;658;658;658;0;17.142857142857142;38.83333333
659;659;659;659;0;17.035714285714285;38.83333333
660;660;660;660;0;16.92857142857143;38.83333333
661;661;661;661;0;16.821428571428573;38.83333333
662;662;662;662;0;16.714285714285715;38.83333333
663;663;663;663;0;16.607142857142858;38.83333333
664;664;664;664;0;16.5;38.83333333
665;665;665;665;0;16.392857142857142;38.83333333
666;666;666;666;0;16.285714285714285;38.83333333
667;667;667;667;0;16.17857142857143;38.83333333
668;668;668;668;0;16.071428571428573;38.83333333
669;669;669;669;0;15.964285714285714;38.83333333
670;670;670;670;0;15.857142857142858;38.83333333
671;671;671;671;0;15.75;38.83333333
672;672;672;672;0;15.642857142857142;38.83333333
673;673;673;673;0;15.535714285714286;38.83333333
674;674;674;674;0;15.42857142857143;38.83333333
675;675;675;675;0;15.321428571428573;38.83333333
676;676;676;676;0;15.214285714285715;38.83333333
677;677;677;677;0;15.10714285714286;38.83333333
678;678;678;678;0;15.0;38.83333333
679;679;679;679;0;15.0;38.83333333
680;680;680;680;0;15.0;38.83333333
681;681;681;681;0;15.0;38.83333333
682;682;682;682;0;15.0;38.83333333
683;683;683;683;0;15.0;38.83333333
684;684;684;684;0;15.0;38.83333333
685;685;685;685;0;15.0;38.83333333
686;686;686;686;0;15.0;38.83333333
687;687;687;687;0;15.0;38.83333333
688;688;688;688;0;15.0;38.83333333
689;689;689;689;0;15.0;38.83333333
690;690;690;690;0;15.0;38.83333333
691;691;691;691;0;15.0;38.83333333
692;692;692;692;0;15.0;38.83333333
693;693;693;693;0;15.0;38.83333333
694;694;694;694;0;15.0;38.83333333
695;695;695;695;0;15.0;38.83333333
696;696;696;696;0;15.0;38.83333333
697;697;697;697;0;15.0;38.83333333
698;698;698;698;0;15.0;38.83333333
699;699;699;699;0;15.0;38.83333333
700;700;700;700;0;15.0;38.83333333
701;701;701;701;0;15.0;38.83333333
702;702;702;702;0;15.0;38.83333333
703;703;703;703;0;15.0;38.83333333
704;704;704;704;0;15.0;38.83333333
705;705;705;705;0;15.0;38.83333333
706;706;706;706;0;15.0;38.83333333
707;707;707;707;0;15.0;38.83333333
708;708;708;708;80000;15.17142857142857;40.16666667
709;709;709;709;80000;15.342857142857142;41.5
710;710;710;710;80000;15.514285714285712;42.83333333
711;711;711;711;80000;15.685714285714287;44.16666667
712;712;712;712;80000;15.857142857142858;45.5
713;713;713;713;80000;16.02857142857143;46.83333333
714;714;714;714;80000;16.200000000000003;48.16666667
715;715;715;715;80000;16.37142857142857;49.5
716;716;716;716;80000;16.542857142857144;50.83333333
717;717;717;717;80000;16.714285714285715;52.16666667
718;718;718;718;80000;16.885714285714286;53.5
719;719;719;719;80000;17.057142857142857;54.83333333
720;720;720;720;80000;17.228571428571428;56.16666667
721;721;721;721;80000;17.4;57.5
722;722;722;722;80000;17.57142857142857;58.83333333
723;723;723;723;80000;17.742857142857144;60.16666667
724;724;724;724;80000;17.914285714285715;61.5
725;725;725;725;80000;18.085714285714285;62.83333333
726;726;726;726;80000;18.257142857142856;64.16666667
727;727;727;727;80000;18.42857142857143;65.5
728;728;728;728;80000;18.6;66.83333333
729;729;729;729;80000;18.77142857142857;68.16666667
730;730;730;730;80000;18.942857142857143;69.5
731;731;731;731;80000;19.114285714285714;70.83333333
732;732;732;732;80000;19.285714285714285;72.16666667
733;733;733;733;80000;19.457142857142856;73.5
734;734;734;734;80000;19.62857142857143;74.83333333
735;735;735;735;80000;19.799999999999997;76.16666667
736;736;736;736;80000;19.97142857142857;77.5
737;737;737;737;80000;20.142857142857142;78.83333333
738;738;738;738;80000;20.314285714285713;80.16666667
739;739;739;739;80000;20.485714285714288;81.5
740;740;740;740;80000;20.657142857142855;82.83333333
741;741;741;741;80000;20.82857142857143;84.16666667
742;742;742;742;80000;21.0;85.5
743;743;743;743;80000;21.171428571428574;86.83333333
744;744;744;744;80000;21.342857142857145;88.16666667
745;745;745;745;80000;21.514285714285712;89.5
746;746;746;746;80000;21.685714285714287;90.83333333
747;747;747;747;80000;21.857142857142858;92.16666667
748;748;748;748;80000;22.028571428571432;93.5
749;749;749;749;80000;22.200000000000003;94.83333333
750;750;750;750;80000;22.371428571428574;96.16666667
751;751;751;751;80000;22.542857142857144;97.5
752;752;752;752;0;22.542857142857144;97.5
753;753;753;753;0;22.542857142857144;97.5
754;754;754;754;0;22.542857142857144;97.5
755;755;755;755;0;22.542857142857144;97.5
756;756;756;756;0;22.542857142857144;97.5
757;757;757;757;0;22.542857142857144;97.5
758;758;758;758;0;22.542857142857144;97.5
759;759;759;759;0;22.542857142857144;97.5
760;760;760;760;0;22.542857142857144;97.5
761;761;761;761;0;22.542857142857144;97.5
762;762;762;762;0;22.542857142857144;97.5
763;763;763;763;0;22.542857142857144;97.5
764;764;764;764;0;22.542857142857144;97.5
765;765;765;765;0;22.542857142857144;97.5
766;766;766;766;0;22.542857142857144;97.5
767;767;767;767;0;22.542857142857144;97.5
768;768;768;768;0;22.542857142857144;97.5
769;769;769;769;0;22.542857142857144;97.5
770;770;770;770;0;22.542857142857144;97.5
771;771;771;771;0;22.542857142857144;97.5
772;772;772;772;0;22.542857142857144;97.5
773;773;773;773;0;22.542857142857144;97.5
774;774;774;774;0;22.542857142857144;97.5
775;775;775;775;0;22.542857142857144;97.5
776;776;776;776;0;22.542857142857144;97.5
777;777;777;777;0;22.542857142857144;97.5
778;778;778;778;0;22.542857142857144;97.5
779;779;779;779;0;22.542857142857144;97.5
780;780;780;780;0;22.542857142857144;97.5
781;781;781;781;0;22.542857142857144;97.5
782;782;782;782;-30000;22.607142857142858;97.0
783;783;783;783;-30000;22.671428571428574;96.5
784;784;784;784;-30000;22.735714285714288;96.0
785;785;785;785;-30000;22.799999999999997;95.5
786;786;786;786;-30000;22.864285714285714;95.0
787;787;787;787;-30000;22.92857142857143;94.5
788;788;788;788;-30000;22.992857142857144;94.0
789;789;789;789;-30000;23.057142857142857;93.5
790;790;790;790;-30000;23.121428571428574;93.0
791;791;791;791;-30000;23.185714285714287;92.5
792;792;792;792;-30000;23.25;92.0
793;793;793;793;-30000;23.314285714285713;91.5
794;794;794;794;-30000;23.37857142857143;91.0
795;795;795;795;-30000;23.442857142857143;90.5
796;796;796;796;-30000;23.507142857142856;90.0
797;797;797;797;-30000;23.571428571428573;89.5
798;798;798;798;-30000;23.635714285714286;89.0
799;799;799;799;-30000;23.700000000000003;88.5
800;800;800;800;-30000;23.764285714285712;88.0
801;801;801;801;-30000;23.82857142857143;87.5
802;802;802;802;-30000;23.892857142857142;87.0
803;803;803;803;-30000;23.957142857142856;86.5
804;804;804;804;-30000;24.021428571428572;86.0
805;805;805;805;-30000;24.085714285714285;85.5
806;806;806;806;-30000;24.150000000000002;85.0
807;807;807;807;-30000;24.214285714285715;84.5
808;808;808;808;-30000;24.10714285714286;84.0
809;809;809;809;-30000;24.0;83.5
810;810;810;810;-30000;23.892857142857142;83.0
811;811;811;811;-30000;23.785714285714285;82.5
812;812;812;812;-30000;23.67857142857143;82.0
813;813;813;813;-30000;23.571428571428573;81.5
814;814;814;814;-30000;23.464285714285715;81.0
815;815;815;815;-30000;23.35714285714286;80.5
816;816;816;816;-30000;23.25;80.0
817;817;817;817;-30000;23.142857142857142;79.5
818;818;818;818;-30000;23.035714285714285;79.0
819;819;819;819;-30000;22.92857142857143;78.5
820;820;820;820;-30000;22.821428571428573;78.0
821;821;821;821;-30000;22.714285714285715;77.5
822;822;822;822;-30000;22.60714285714286;77.0
823;823;823;823;-30000;22.5;76.5
824;824;824;824;-30000;22.392857142857142;76.0
825;825;825;825;-30000;22.285714285714285;75.5
826;826;826;826;-30000;22.17857142857143;75.0
827;827;827;827;-30000;22.07142857142857;74.5
828;828;828;828;-30000;21.964285714285715;74.0
829;829;829;829;-30000;21.85714285714286;73.5
830;830;830;830;-30000;21.75;73.0
831;831;831;831;-30000;21.642857142857142;72.5
832;832;832;832;-30000;21.535714285714285;72.0
833;833;833;833;-30000;21.42857142857143;71.5
834;834;834;834;-30000;21.32142857142857;71.0
835;835;835;835;-30000;21.214285714285715;70.5
836;836;836;836;-30000;21.107142857142858;70.0
837;837;837;837;-30000;21.0;69.5
838;838;838;838;-30000;20.892857142857142;69.0
839;839;839;839;-30000;20.785714285714285;68.5
840;840;840;840;-30000;20.67857142857143;68.0
841;841;841;841;-30000;20.57142857142857;67.5
842;842;842;842;-30000;20.464285714285715;67.0
843;843;843;843;-30000;20.357142857142854;66.5
844;844;844;844;-30000;20.25;66.0
845;845;845;845;-30000;20.142857142857142;65.5
846;846;846;846;-30000;20.035714285714285;65.0
847;847;847;847;-30000;19.92857142857143;64.5
848;848;848;848;-30000;19.82142857142857;64.0
849;849;849;849;-30000;19.714285714285715;63.5
850;850;850;850;-30000;19.607142857142854;63.0
851;851;851;851;-30000;19.5;62.5
852;852;852;852;-30000;19.564285714285713;62.0
853;853;853;853;-30000;19.628571428571426;61.5
854;854;854;854;-30000;19.692857142857143;61.0
855;855;855;855;-30000;19.757142857142856;60.5
856;856;856;856;-30000;19.82142857142857;60.0
857;857;857;857;-30000;19.885714285714286;59.5
858;858;858;858;-30000;19.950000000000003;59.0
859;859;859;859;-30000;20.014285714285712;58.5
860;860;860;860;-30000;20.078571428571426;58.0
861;861;861;861;-30000;20.142857142857142;57.5
862;862;862;862;-30000;20.207142857142856;57.0
863;863;863;863;-30000;20.27142857142857;56.5
864;864;864;864;-30000;20.335714285714282;56.0
865;865;865;865;-30000;20.4;55.5
866;866;866;866;-30000;20.464285714285715;55.0
867;867;867;867;-30000;20.52857142857143;54.5
868;868;868;868;-30000;20.592857142857145;54.0
869;869;869;869;-30000;20.657142857142855;53.5
870;870;870;870;-30000;20.721428571428568;53.0
871;871;871;871;-30000;20.785714285714285;52.5
872;872;872;872;-30000;20.85;52.0
873;873;873;873;-30000;20.914285714285715;51.5
874;874;874;874;-30000;20.978571428571428;51.0
875;875;875;875;-30000;21.04285714285714;50.5
876;876;876;876;-30000;21.107142857142858;50.0
877;877;877;877;-30000;21.17142857142857;49.5
878;878;878;878;-30000;21.23571428571428;49.0
879;879;879;879;-30000;21.299999999999997;48.5
880;880;880;880;-30000;21.364285714285714;48.0
881;881;881;881;-30000;21.428571428571427;47.5
882;882;882;882;-30000;21.428571428571427;47.0
883;883;883;883;-30000;21.428571428571427;46.5
884;884;884;884;-30000;21.428571428571427;46.0
885;885;885;885;-30000;21.428571428571427;45.5
886;886;886;886;-30000;21.42857142857143;45.0
887;887;887;887;-30000;21.428571428571427;44.5
888;888;888;888;-30000;21.428571428571427;44.0
889;889;889;889;-30000;21.428571428571427;43.5
890;890;890;890;-30000;21.428571428571427;43.0
891;891;891;891;-30000;21.428571428571427;42.5
892;892;892;892;-30000;21.428571428571427;42.0
893;893;893;893;-30000;21.42857142857143;41.5
894;894;894;894;-30000;21.428571428571427;41.0
895;895;895;895;-30000;21.428571428571427;40.5
896;896;896;896;-30000;21.428571428571427;40.0
897;897;897;897;-30000;21.428571428571427;39.5
898;898;898;898;-30000;21.428571428571427;39.0
899;899;899;899;-30000;21.428571428571427;38.5
900;900;900;900;-30000;21.42857142857143;38.0
901;901;901;901;0;21.364285714285714;38.0
902;902;902;902;0;21.299999999999997;38.0
903;903;903;903;0;21.235714285714288;38.0
904;904;904;904;0;21.17142857142857;38.0
905;905;905;905;0;21.107142857142858;38.0
906;906;906;906;0;21.042857142857144;38.0
907;907;907;907;0;20.97857142857143;38.0
908;908;908;908;0;20.914285714285715;38.0
909;909;909;909;0;20.85;38.0
910;910;910;910;40000;20.87142857142857;38.66666667
911;911;911;911;40000;20.89285714285714;39.33333333
912;912;912;912;40000;20.914285714285715;40.0
913;913;913;913;40000;20.935714285714283;40.66666667
914;914;914;914;40000;20.957142857142856;41.33333333
915;915;915;915;40000;20.978571428571428;42.0
916;916;916;916;0;20.914285714285715;42.0
917;917;917;917;0;20.85;42.0
918;918;918;918;0;20.785714285714285;42.0
919;919;919;919;0;20.721428571428568;42.0
920;920;920;920;0;20.657142857142855;42.0
921;921;921;921;-20000;20.635714285714286;41.66666667
922;922;922;922;-20000;20.614285714285714;41.33333333
923;923;923;923;-20000;20.592857142857138;41.0
924;924;924;924;-20000;20.57142857142857;40.66666667
925;925;925;925;-20000;20.549999999999997;40.33333333
926;926;926;926;-20000;20.52857142857143;40.0
927;927;927;927;-20000;20.507142857142856;39.66666667
928;928;928;928;-20000;20.485714285714288;39.33333333
929;929;929;929;0;20.42142857142857;39.33333333
930;930;930;930;0;20.357142857142858;39.33333333
931;931;931;931;0;20.292857142857144;39.33333333
932;932;932;932;0;20.22857142857143;39.33333333
933;933;933;933;0;20.164285714285715;39.33333333
934;934;934;934;0;20.1;39.33333333
935;935;935;935;0;20.035714285714285;39.33333333
936;936;936;936;0;19.971428571428568;39.33333333
937;937;937;937;0;19.907142857142855;39.33333333
938;938;938;938;0;19.842857142857145;39.33333333
939;939;939;939;0;19.778571428571432;39.33333333
940;940;940;940;0;19.714285714285715;39.33333333
941;941;941;941;-35000;19.725;38.75
942;942;942;942;-35000;19.735714285714288;38.16666667
943;943;943;943;-35000;19.746428571428574;37.58333333
944;944;944;944;-35000;19.757142857142856;37.0
945;945;945;945;-35000;19.767857142857142;36.41666667
946;946;946;946;-35000;19.778571428571432;35.83333333
947;947;947;947;-35000;19.789285714285715;35.25
948;948;948;948;-35000;19.799999999999997;34.66666667
949;949;949;949;0;19.735714285714288;34.66666667
950;950;950;950;0;19.671428571428574;34.66666667
951;951;951;951;0;19.607142857142858;34.66666667
952;952;952;952;0;19.542857142857144;34.66666667
953;953;953;953;0;19.47857142857143;34.66666667
954;954;954;954;0;19.414285714285715;34.66666667
955;955;955;955;0;19.35;34.66666667
956;956;956;956;0;19.285714285714285;34.66666667
957;957;957;957;0;19.22142857142857;34.66666667
958;958;958;958;0;19.157142857142855;34.66666667
959;959;959;959;0;19.092857142857145;34.66666667
960;960;960;960;0;19.028571428571432;34.66666667
961;961;961;961;0;18.964285714285715;34.66666667
962;962;962;962;0;18.9;34.66666667
963;963;963;963;0;18.835714285714285;34.66666667
964;964;964;964;0;18.771428571428572;34.66666667
965;965;965;965;0;18.707142857142856;34.66666667
966;966;966;966;0;18.642857142857142;34.66666667
967;967;967;967;0;18.57857142857143;34.66666667
968;968;968;968;0;18.514285714285712;34.66666667
969;969;969;969;0;18.450000000000003;34.66666667
970;970;970;970;0;18.385714285714286;34.66666667
971;971;971;971;0;18.321428571428573;34.66666667
972;972;972;972;0;18.257142857142856;34.66666667
973;973;973;973;0;18.192857142857143;34.66666667
974;974;974;974;0;18.12857142857143;34.66666667
975;975;975;975;0;18.064285714285713;34.66666667
976;976;976;976;0;18.0;34.66666667
977;977;977;977;0;17.935714285714287;34.66666667
978;978;978;978;0;17.871428571428574;34.66666667
979;979;979;979;0;17.807142857142857;34.66666667
980;980;980;980;0;17.742857142857144;34.66666667
981;981;981;981;0;17.67857142857143;34.66666667
982;982;982;982;100000;17.82857142857143;36.33333333
983;983;983;983;100000;17.978571428571428;38.0
984;984;984;984;100000;18.12857142857143;39.66666667
985;985;985;985;100000;18.278571428571432;41.33333333
986;986;986;986;0;18.214285714285715;41.33333333
987;987;987;987;0;18.15;41.33333333
988;988;988;988;0;18.085714285714285;41.33333333
989;989;989;989;60000;18.15;42.33333333
990;990;990;990;60000;18.214285714285715;43.33333333
991;991;991;991;60000;18.278571428571432;44.33333333
992;992;992;992;60000;18.342857142857145;45.33333333
993;993;993;993;60000;18.407142857142855;46.33333333
994;994;994;994;60000;18.471428571428568;47.33333333
995;995;995;995;60000;18.535714285714285;48.33333333
996;996;996;996;60000;18.6;49.33333333
997;997;997;997;0;18.535714285714285;49.33333333
998;998;998;998;-67000;18.615000000000002;48.21666667
999;999;999;999;-67000;18.694285714285712;47.1
1000;1000;1000;1000;-67000;18.77357142857143;45.98333333
1001;1001;1001;1001;-67000;18.917142857142856;44.86666667
1002;1002;1002;1002;-67000;19.060714285714283;43.75
1003;1003;1003;1003;-67000;19.204285714285714;42.63333333
1004;1004;1004;1004;-67000;19.347857142857137;41.51666667
1005;1005;1005;1005;0;19.347857142857137;41.51666667
1006;1006;1006;1006;0;19.347857142857137;41.51666667
1007;1007;1007;1007;120000;19.604999999999997;43.51666667
1008;1008;1008;1008;120000;19.862142857142857;45.51666667
1009;1009;1009;1009;120000;20.119285714285713;47.51666667
1010;1010;1010;1010;120000;20.290714285714287;49.51666667
1011;1011;1011;1011;0;20.205000000000002;49.51666667
1012;1012;1012;1012;0;20.119285714285713;49.51666667
1013;1013;1013;1013;0;20.03357142857143;49.51666667
1014;1014;1014;1014;0;19.947857142857142;49.51666667
1015;1015;1015;1015;0;19.862142857142857;49.51666667
1016;1016;1016;1016;-56000;19.982142857142858;48.58333333
1017;1017;1017;1017;-56000;20.10214285714286;47.65
1018;1018;1018;1018;-56000;20.222142857142856;46.71666667
1019;1019;1019;1019;-56000;20.342142857142857;45.78333333
1020;1020;1020;1020;-56000;20.462142857142858;44.85
1021;1021;1021;1021;-56000;20.539285714285715;43.91666667
1022;1022;1022;1022;-56000;20.61642857142857;42.98333333
1023;1023;1023;1023;-56000;20.69357142857143;42.05
1024;1024;1024;1024;-56000;20.770714285714288;41.11666667
1025;1025;1025;1025;0;20.727857142857143;41.11666667
1026;1026;1026;1026;0;20.685;41.11666667
1027;1027;1027;1027;0;20.642142857142858;41.11666667
1028;1028;1028;1028;0;20.599285714285713;41.11666667
1029;1029;1029;1029;0;20.599285714285713;41.11666667
1030;1030;1030;1030;0;20.599285714285713;41.11666667
1031;1031;1031;1031;0;20.599285714285713;41.11666667
1032;1032;1032;1032;0;20.599285714285713;41.11666667
1033;1033;1033;1033;0;20.599285714285713;41.11666667
1034;1034;1034;1034;0;20.599285714285713;41.11666667
1035;1035;1035;1035;0;20.599285714285713;41.11666667
1036;1036;1036;1036;0;20.599285714285713;41.11666667
1037;1037;1037;1037;0;20.599285714285713;41.11666667
1038;1038;1038;1038;0;20.599285714285713;41.11666667
1039;1039;1039;1039;0;20.599285714285713;41.11666667
1040;1040;1040;1040;0;20.599285714285713;41.11666667
1041;1041;1041;1041;0;20.52428571428571;41.11666667
1042;1042;1042;1042;0;20.449285714285715;41.11666667
1043;1043;1043;1043;0;20.374285714285712;41.11666667
1044;1044;1044;1044;0;20.299285714285716;41.11666667
1045;1045;1045;1045;0;20.224285714285713;41.11666667
1046;1046;1046;1046;0;20.14928571428571;41.11666667
1047;1047;1047;1047;0;20.074285714285715;41.11666667
1048;1048;1048;1048;0;19.999285714285712;41.11666667
1049;1049;1049;1049;0;19.999285714285712;41.11666667
1050;1050;1050;1050;0;19.999285714285712;41.11666667
1051;1051;1051;1051;0;19.999285714285712;41.11666667
1052;1052;1052;1052;0;19.999285714285712;41.11666667
1053;1053;1053;1053;0;19.999285714285712;41.11666667
1054;1054;1054;1054;0;19.999285714285712;41.11666667
1055;1055;1055;1055;0;19.999285714285712;41.11666667
1056;1056;1056;1056;0;19.999285714285712;41.11666667
1057;1057;1057;1057;0;19.999285714285712;41.11666667
1058;1058;1058;1058;0;19.999285714285712;41.11666667
1059;1059;1059;1059;0;19.999285714285712;41.11666667
1060;1060;1060;1060;0;19.999285714285712;41.11666667
1061;1061;1061;1061;0;19.999285714285712;41.11666667
1062;1062;1062;1062;0;19.999285714285712;41.11666667
1063;1063;1063;1063;0;19.999285714285712;41.11666667
1064;1064;1064;1064;0;19.999285714285712;41.11666667
1065;1065;1065;1065;0;19.999285714285712;41.11666667
1066;1066;1066;1066;0;19.999285714285712;41.11666667
1067;1067;1067;1067;0;19.999285714285712;41.11666667
1068;1068;1068;1068;0;19.999285714285712;41.11666667
1069;1069;1069;1069;0;19.999285714285712;41.11666667
1070;1070;1070;1070;0;19.999285714285712;41.11666667
1071;1071;1071;1071;0;19.999285714285712;41.11666667
1072;1072;1072;1072;0;19.999285714285712;41.11666667
1073;1073;1073;1073;0;19.999285714285712;41.11666667
1074;1074;1074;1074;0;19.999285714285712;41.11666667
1075;1075;1075;1075;0;19.999285714285712;41.11666667
1076;1076;1076;1076;0;19.999285714285712;41.11666667
1077;1077;1077;1077;0;19.999285714285712;41.11666667
1078;1078;1078;1078;0;19.999285714285712;41.11666667
1079;1079;1079;1079;0;19.999285714285712;41.11666667
1080;1080;1080;1080;0;19.999285714285712;41.11666667
1081;1081;1081;1081;0;19.999285714285712;41.11666667
1082;1082;1082;1082;0;19.785;41.11666667
1083;1083;1083;1083;0;19.570714285714285;41.11666667
1084;1084;1084;1084;0;19.35642857142857;41.11666667
1085;1085;1085;1085;0;19.142142857142858;41.11666667
1086;1086;1086;1086;0;19.142142857142858;41.11666667
1087;1087;1087;1087;0;19.142142857142858;41.11666667
1088;1088;1088;1088;0;19.142142857142858;41.11666667
1089;1089;1089;1089;0;19.01357142857143;41.11666667
1090;1090;1090;1090;0;18.884999999999998;41.11666667
1091;1091;1091;1091;0;18.756428571428568;41.11666667
1092;1092;1092;1092;0;18.627857142857145;41.11666667
1093;1093;1093;1093;0;18.499285714285712;41.11666667
1094;1094;1094;1094;0;18.370714285714286;41.11666667
1095;1095;1095;1095;0;18.242142857142856;41.11666667
1096;1096;1096;1096;0;18.113571428571433;41.11666667
1097;1097;1097;1097;0;18.113571428571433;41.11666667
1098;1098;1098;1098;0;17.97;41.11666667
1099;1099;1099;1099;0;17.826428571428572;41.11666667
1100;1100;1100;1100;0;17.68285714285714;41.11666667
1101;1101;1101;1101;0;17.539285714285715;41.11666667
1102;1102;1102;1102;0;17.395714285714288;41.11666667
1103;1103;1103;1103;0;17.252142857142857;41.11666667
1104;1104;1104;1104;0;17.10857142857143;41.11666667
1105;1105;1105;1105;0;17.10857142857143;41.11666667
1106;1106;1106;1106;0;17.10857142857143;41.11666667
1107;1107;1107;1107;0;16.85142857142857;41.11666667
1108;1108;1108;1108;0;16.594285714285714;41.11666667
1109;1109;1109;1109;0;16.337142857142858;41.11666667
1110;1110;1110;1110;0;16.080000000000002;41.11666667
1111;1111;1111;1111;0;16.080000000000002;41.11666667
1112;1112;1112;1112;0;16.080000000000002;41.11666667
1113;1113;1113;1113;0;16.080000000000002;41.11666667
1114;1114;1114;1114;0;16.080000000000002;41.11666667
1115;1115;1115;1115;0;16.080000000000002;41.11666667
1116;1116;1116;1116;0;15.96;41.11666667
1117;1117;1117;1117;0;15.84;41.11666667
1118;1118;1118;1118;0;15.72;41.11666667
1119;1119;1119;1119;0;15.600000000000001;41.11666667
1120;1120;1120;1120;0;15.48;41.11666667
1121;1121;1121;1121;0;15.36;41.11666667
1122;1122;1122;1122;0;15.24;41.11666667
1123;1123;1123;1123;0;15.120000000000001;41.11666667
1124;1124;1124;1124;0;15.0;41.11666667
1125;1125;1125;1125;0;15.0;41.11666667
1126;1126;1126;1126;0;15.0;41.11666667
1127;1127;1127;1127;0;15.0;41.11666667
1128;1128;1128;1128;0;15.0;41.11666667
1129;1129;1129;1129;0;15.0;41.11666667
1130;1130;1130;1130;0;15.0;41.11666667
1131;1131;1131;1131;0;15.0;41.11666667
1132;1132;1132;1132;0;15.0;41.11666667
1133;1133;1133;1133;0;15.0;41.11666667
1134;1134;1134;1134;0;15.0;41.11666667
1135;1135;1135;1135;0;15.0;41.11666667
1136;1136;1136;1136;0;15.0;41.11666667
1137;1137;1137;1137;0;15.0;41.11666667
1138;1138;1138;1138;0;15.0;41.11666667
1139;1139;1139;1139;0;15.0;41.11666667
1140;1140;1140;1140;0;15.0;41.11666667
1141;1141;1141;1141;0;15.0;41.11666667
1142;1142;1142;1142;0;15.0;41.11666667
1143;1143;1143;1143;0;15.0;41.11666667
1144;1144;1144;1144;0;15.0;41.11666667
1145;1145;1145;1145;0;15.0;41.11666667
1146;1146;1146;1146;0;15.0;41.11666667
1147;1147;1147;1147;0;15.0;41.11666667
1148;1148;1148;1148;0;15.0;41.11666667
1149;1149;1149;1149;0;15.0;41.11666667
1150;1150;1150;1150;0;15.0;41.11666667
1151;1151;1151;1151;0;15.0;41.11666667
1152;1152;1152;1152;0;15.0;41.11666667
1153;1153;1153;1153;0;15.0;41.11666667
1154;1154;1154;1154;0;15.0;41.11666667
1155;1155;1155;1155;0;15.0;41.11666667
1156;1156;1156;1156;0;15.0;41.11666667
1157;1157;1157;1157;0;15.0;41.11666667
1158;1158;1158;1158;0;15.0;41.11666667
1159;1159;1159;1159;0;15.0;41.11666667
1160;1160;1160;1160;0;15.0;41.11666667
1161;1161;1161;1161;0;15.0;41.11666667
1162;1162;1162;1162;0;15.0;41.11666667
1163;1163;1163;1163;0;15.0;41.11666667
1164;1164;1164;1164;0;15.0;41.11666667
1165;1165;1165;1165;0;15.0;41.11666667
1166;1166;1166;1166;0;15.0;41.11666667
1167;1167;1167;1167;0;15.0;41.11666667
1168;1168;1168;1168;0;15.0;41.11666667
1169;1169;1169;1169;0;15.0;41.11666667
1170;1170;1170;1170;0;15.0;41.11666667
1171;1171;1171;1171;0;15.0;41.11666667
1172;1172;1172;1172;0;15.0;41.11666667
1173;1173;1173;1173;0;15.0;41.11666667
1174;1174;1174;1174;0;15.0;41.11666667
1175;1175;1175;1175;0;15.0;41.11666667
1176;1176;1176;1176;0;15.0;41.11666667
1177;1177;1177;1177;0;15.0;41.11666667
1178;1178;1178;1178;0;15.0;41.11666667
1179;1179;1179;1179;0;15.0;41.11666667
1180;1180;1180;1180;0;15.0;41.11666667
1181;1181;1181;1181;0;15.0;41.11666667
1182;1182;1182;1182;0;15.0;41.11666667
1183;1183;1183;1183;0;15.0;41.11666667
1184;1184;1184;1184;0;15.0;41.11666667
1185;1185;1185;1185;0;15.0;41.11666667
1186;1186;1186;1186;0;15.0;41.11666667
1187;1187;1187;1187;0;15.0;41.11666667
1188;1188;1188;1188;0;15.0;41.11666667
1189;1189;1189;1189;0;15.0;41.11666667
1190;1190;1190;1190;0;15.0;41.11666667
1191;1191;1191;1191;0;15.0;41.11666667
1192;1192;1192;1192;0;15.0;41.11666667
1193;1193;1193;1193;0;15.0;41.11666667
1194;1194;1194;1194;0;15.0;41.11666667
1195;1195;1195;1195;0;15.0;41.11666667
1196;1196;1196;1196;80000;15.17142857142857;42.45
1197;1197;1197;1197;80000;15.342857142857142;43.78333333
1198;1198;1198;1198;80000;15.514285714285712;45.11666667
1199;1199;1199;1199;80000;15.685714285714287;46.45
1200;1200;1200;1200;80000;15.857142857142858;47.78333333
1201;1201;1201;1201;80000;16.02857142857143;49.11666667
1202;1202;1202;1202;80000;16.200000000000003;50.45
1203;1203;1203;1203;80000;16.37142857142857;51.78333333
1204;1204;1204;1204;80000;16.542857142857144;53.11666667
1205;1205;1205;1205;80000;16.714285714285715;54.45
1206;1206;1206;1206;80000;16.885714285714286;55.78333333
1207;1207;1207;1207;80000;17.057142857142857;57.11666667
1208;1208;1208;1208;80000;17.22857142857143;58.45
1209;1209;1209;1209;80000;17.4;59.78333333
1210;1210;1210;1210;80000;17.57142857142857;61.11666667
1211;1211;1211;1211;80000;17.742857142857144;62.45
1212;1212;1212;1212;80000;17.914285714285715;63.78333333
1213;1213;1213;1213;80000;18.085714285714285;65.11666667
1214;1214;1214;1214;80000;18.257142857142856;66.45
1215;1215;1215;1215;0;18.257142857142856;66.45
1216;1216;1216;1216;0;18.257142857142856;66.45
1217;1217;1217;1217;0;18.257142857142856;66.45
1218;1218;1218;1218;0;18.257142857142856;66.45
1219;1219;1219;1219;0;18.257142857142856;66.45
1220;1220;1220;1220;0;18.257142857142856;66.45
1221;1221;1221;1221;0;18.257142857142856;66.45
1222;1222;1222;1222;0;18.257142857142856;66.45
1223;1223;1223;1223;0;18.257142857142856;66.45
1224;1224;1224;1224;0;18.257142857142856;66.45
1225;1225;1225;1225;0;18.257142857142856;66.45
1226;1226;1226;1226;0;18.257142857142856;66.45
1227;1227;1227;1227;0;18.257142857142856;66.45
1228;1228;1228;1228;-50000;18.364285714285714;65.61666667
1229;1229;1229;1229;-50000;18.471428571428568;64.78333333
1230;1230;1230;1230;-50000;18.57857142857143;63.95
1231;1231;1231;1231;-50000;18.685714285714287;63.11666667
1232;1232;1232;1232;-50000;18.792857142857144;62.28333333
1233;1233;1233;1233;-50000;18.9;61.45
1234;1234;1234;1234;-50000;19.007142857142856;60.61666667
1235;1235;1235;1235;-50000;19.114285714285714;59.78333333
1236;1236;1236;1236;-50000;19.221428571428568;58.95
1237;1237;1237;1237;-50000;19.32857142857143;58.11666667
1238;1238;1238;1238;-50000;19.435714285714287;57.28333333
1239;1239;1239;1239;-50000;19.542857142857144;56.45
1240;1240;1240;1240;-50000;19.65;55.61666667
1241;1241;1241;1241;-50000;19.757142857142856;54.78333333
1242;1242;1242;1242;-50000;19.864285714285714;53.95
1243;1243;1243;1243;-50000;19.971428571428568;53.11666667
1244;1244;1244;1244;-50000;20.07857142857143;52.28333333
1245;1245;1245;1245;-50000;20.185714285714287;51.45
1246;1246;1246;1246;-50000;20.292857142857144;50.61666667
1247;1247;1247;1247;-50000;20.4;49.78333333
1248;1248;1248;1248;-50000;20.507142857142856;48.95
1249;1249;1249;1249;-50000;20.614285714285714;48.11666667
1250;1250;1250;1250;-50000;20.721428571428568;47.28333333
1251;1251;1251;1251;0;20.721428571428568;47.28333333
1252;1252;1252;1252;0;20.721428571428568;47.28333333
1253;1253;1253;1253;0;20.721428571428568;47.28333333
1254;1254;1254;1254;0;20.721428571428568;47.28333333
1255;1255;1255;1255;0;20.721428571428568;47.28333333
1256;1256;1256;1256;0;20.721428571428568;47.28333333
1257;1257;1257;1257;0;20.721428571428568;47.28333333
1258;1258;1258;1258;0;20.721428571428568;47.28333333
1259;1259;1259;1259;0;20.721428571428568;47.28333333
1260;1260;1260;1260;0;20.721428571428568;47.28333333
1261;1261;1261;1261;0;20.721428571428568;47.28333333
1262;1262;1262;1262;0;20.721428571428568;47.28333333
1263;1263;1263;1263;0;20.721428571428568;47.28333333
1264;1264;1264;1264;0;20.721428571428568;47.28333333
1265;1265;1265;1265;0;20.721428571428568;47.28333333
1266;1266;1266;1266;0;20.721428571428568;47.28333333
1267;1267;1267;1267;0;20.721428571428568;47.28333333
1268;1268;1268;1268;0;20.721428571428568;47.28333333
1269;1269;1269;1269;0;20.721428571428568;47.28333333
1270;1270;1270;1270;0;20.721428571428568;47.28333333
1271;1271;1271;1271;0;20.721428571428568;47.28333333
1272;1272;1272;1272;0;20.721428571428568;47.28333333
1273;1273;1273;1273;0;20.721428571428568;47.28333333
1274;1274;1274;1274;0;20.721428571428568;47.28333333
1275;1275;1275;1275;0;20.721428571428568;47.28333333
1276;1276;1276;1276;0;20.721428571428568;47.28333333
1277;1277;1277;1277;0;20.721428571428568;47.28333333
1278;1278;1278;1278;0;20.721428571428568;47.28333333
1279;1279;1279;1279;0;20.721428571428568;47.28333333
1280;1280;1280;1280;0;20.721428571428568;47.28333333
1281;1281;1281;1281;30000;20.785714285714285;47.78333333
1282;1282;1282;1282;30000;20.85;48.28333333
1283;1283;1283;1283;30000;20.914285714285715;48.78333333
1284;1284;1284;1284;30000;20.97857142857143;49.28333333
1285;1285;1285;1285;30000;21.042857142857144;49.78333333
1286;1286;1286;1286;30000;21.107142857142858;50.28333333
1287;1287;1287;1287;30000;21.17142857142857;50.78333333
1288;1288;1288;1288;30000;21.235714285714288;51.28333333
1289;1289;1289;1289;30000;21.299999999999997;51.78333333
1290;1290;1290;1290;30000;21.364285714285714;52.28333333
1291;1291;1291;1291;30000;21.428571428571427;52.78333333
1292;1292;1292;1292;30000;21.492857142857144;53.28333333
1293;1293;1293;1293;30000;21.557142857142857;53.78333333
1294;1294;1294;1294;30000;21.62142857142857;54.28333333
1295;1295;1295;1295;30000;21.685714285714287;54.78333333
1296;1296;1296;1296;30000;21.57857142857143;55.28333333
1297;1297;1297;1297;30000;21.471428571428568;55.78333333
1298;1298;1298;1298;30000;21.364285714285714;56.28333333
1299;1299;1299;1299;30000;21.257142857142856;56.78333333
1300;1300;1300;1300;30000;21.15;57.28333333
1301;1301;1301;1301;30000;21.042857142857144;57.78333333
1302;1302;1302;1302;30000;20.935714285714287;58.28333333
1303;1303;1303;1303;30000;20.82857142857143;58.78333333
1304;1304;1304;1304;30000;20.721428571428568;59.28333333
1305;1305;1305;1305;30000;20.614285714285714;59.78333333
1306;1306;1306;1306;30000;20.507142857142856;60.28333333
1307;1307;1307;1307;30000;20.4;60.78333333
1308;1308;1308;1308;30000;20.29285714285714;61.28333333
1309;1309;1309;1309;30000;20.185714285714287;61.78333333
1310;1310;1310;1310;30000;20.07857142857143;62.28333333
1311;1311;1311;1311;30000;19.971428571428568;62.78333333
1312;1312;1312;1312;30000;19.864285714285714;63.28333333
1313;1313;1313;1313;30000;19.757142857142856;63.78333333
1314;1314;1314;1314;30000;19.65;64.28333333
1315;1315;1315;1315;30000;19.714285714285715;64.78333333
1316;1316;1316;1316;30000;19.778571428571432;65.28333333
1317;1317;1317;1317;30000;19.842857142857145;65.78333333
1318;1318;1318;1318;30000;19.907142857142855;66.28333333
1319;1319;1319;1319;30000;19.971428571428568;66.78333333
1320;1320;1320;1320;30000;20.035714285714285;67.28333333
1321;1321;1321;1321;30000;20.1;67.78333333
1322;1322;1322;1322;30000;20.164285714285715;68.28333333
1323;1323;1323;1323;30000;20.228571428571428;68.78333333
1324;1324;1324;1324;30000;20.292857142857144;69.28333333
1325;1325;1325;1325;30000;20.357142857142858;69.78333333
1326;1326;1326;1326;30000;20.42142857142857;70.28333333
1327;1327;1327;1327;30000;20.485714285714288;70.78333333
1328;1328;1328;1328;30000;20.442857142857143;71.28333333
1329;1329;1329;1329;30000;20.4;71.78333333
1330;1330;1330;1330;30000;20.357142857142854;72.28333333
1331;1331;1331;1331;30000;20.314285714285713;72.78333333
1332;1332;1332;1332;30000;20.27142857142857;73.28333333
1333;1333;1333;1333;30000;20.228571428571428;73.78333333
1334;1334;1334;1334;30000;20.185714285714287;74.28333333
1335;1335;1335;1335;30000;20.142857142857142;74.78333333
1336;1336;1336;1336;30000;20.1;75.28333333
1337;1337;1337;1337;30000;20.057142857142853;75.78333333
1338;1338;1338;1338;30000;20.014285714285712;76.28333333
1339;1339;1339;1339;30000;19.971428571428568;76.78333333
1340;1340;1340;1340;30000;19.928571428571427;77.28333333
1341;1341;1341;1341;30000;19.885714285714286;77.78333333
1342;1342;1342;1342;30000;19.842857142857145;78.28333333
1343;1343;1343;1343;30000;19.799999999999997;78.78333333
1344;1344;1344;1344;30000;19.757142857142853;79.28333333
1345;1345;1345;1345;30000;19.714285714285715;79.78333333
1346;1346;1346;1346;30000;19.67142857142857;80.28333333
1347;1347;1347;1347;30000;19.628571428571426;80.78333333
1348;1348;1348;1348;30000;19.585714285714285;81.28333333
1349;1349;1349;1349;30000;19.542857142857144;81.78333333
1350;1350;1350;1350;30000;19.5;82.28333333
1351;1351;1351;1351;30000;19.564285714285713;82.78333333
1352;1352;1352;1352;30000;19.62857142857143;83.28333333
1353;1353;1353;1353;30000;19.692857142857143;83.78333333
1354;1354;1354;1354;30000;19.757142857142856;84.28333333
1355;1355;1355;1355;30000;19.82142857142857;84.78333333
1356;1356;1356;1356;30000;19.885714285714286;85.28333333
1357;1357;1357;1357;30000;19.950000000000003;85.78333333
1358;1358;1358;1358;30000;20.014285714285712;86.28333333
1359;1359;1359;1359;30000;20.07857142857143;86.78333333
1360;1360;1360;1360;30000;20.142857142857142;87.28333333
1361;1361;1361;1361;30000;20.207142857142856;87.78333333
1362;1362;1362;1362;0;20.207142857142856;87.78333333
1363;1363;1363;1363;0;20.207142857142856;87.78333333
1364;1364;1364;1364;0;20.207142857142856;87.78333333
1365;1365;1365;1365;0;20.207142857142856;87.78333333
1366;1366;1366;1366;0;20.207142857142856;87.78333333
1367;1367;1367;1367;0;20.207142857142856;87.78333333
1368;1368;1368;1368;0;20.207142857142856;87.78333333
1369;1369;1369;1369;0;20.207142857142856;87.78333333
1370;1370;1370;1370;0;20.207142857142856;87.78333333
1371;1371;1371;1371;0;20.207142857142856;87.78333333
1372;1372;1372;1372;0;20.207142857142856;87.78333333
1373;1373;1373;1373;0;20.207142857142856;87.78333333
1374;1374;1374;1374;0;20.207142857142856;87.78333333
1375;1375;1375;1375;0;20.207142857142856;87.78333333
1376;1376;1376;1376;0;20.207142857142856;87.78333333
1377;1377;1377;1377;0;20.207142857142856;87.78333333
1378;1378;1378;1378;0;20.207142857142856;87.78333333
1379;1379;1379;1379;0;20.207142857142856;87.78333333
1380;1380;1380;1380;-100000;20.42142857142857;86.11666667
1381;1381;1381;1381;-100000;20.57142857142857;84.45
1382;1382;1382;1382;-100000;20.721428571428568;82.78333333
1383;1383;1383;1383;-100000;20.87142857142857;81.11666667
1384;1384;1384;1384;-100000;21.02142857142857;79.45
1385;1385;1385;1385;-100000;21.17142857142857;77.78333333
1386;1386;1386;1386;-100000;21.32142857142857;76.11666667
1387;1387;1387;1387;-100000;21.471428571428568;74.45
1388;1388;1388;1388;-100000;21.62142857142857;72.78333333
1389;1389;1389;1389;-100000;21.77142857142857;71.11666667
1390;1390;1390;1390;-100000;21.92142857142857;69.45
1391;1391;1391;1391;-100000;22.071428571428573;67.78333333
1392;1392;1392;1392;-100000;22.221428571428568;66.11666667
1393;1393;1393;1393;-100000;22.37142857142857;64.45
1394;1394;1394;1394;-100000;22.52142857142857;62.78333333
1395;1395;1395;1395;-100000;22.67142857142857;61.11666667
1396;1396;1396;1396;-100000;22.82142857142857;59.45
1397;1397;1397;1397;-100000;22.971428571428568;57.78333333
1398;1398;1398;1398;-100000;23.121428571428574;56.11666667
1399;1399;1399;1399;-100000;23.27142857142857;54.45
1400;1400;1400;1400;-100000;23.42142857142857;52.78333333
1401;1401;1401;1401;-100000;23.57142857142857;51.11666667
1402;1402;1402;1402;-100000;23.721428571428568;49.45
1403;1403;1403;1403;-100000;23.87142857142857;47.78333333
1404;1404;1404;1404;-100000;24.02142857142857;46.11666667
1405;1405;1405;1405;-100000;24.17142857142857;44.45
1406;1406;1406;1406;-100000;24.32142857142857;42.78333333
1407;1407;1407;1407;0;24.257142857142856;42.78333333
1408;1408;1408;1408;0;24.192857142857143;42.78333333
1409;1409;1409;1409;0;24.128571428571426;42.78333333
1410;1410;1410;1410;0;24.06428571428571;42.78333333
1411;1411;1411;1411;0;24.0;42.78333333
1412;1412;1412;1412;0;23.935714285714287;42.78333333
1413;1413;1413;1413;0;23.87142857142857;42.78333333
1414;1414;1414;1414;0;23.807142857142857;42.78333333
1415;1415;1415;1415;0;23.742857142857144;42.78333333
1416;1416;1416;1416;0;23.678571428571427;42.78333333
1417;1417;1417;1417;0;23.614285714285714;42.78333333
1418;1418;1418;1418;0;23.549999999999997;42.78333333
1419;1419;1419;1419;0;23.485714285714288;42.78333333
1420;1420;1420;1420;0;23.42142857142857;42.78333333
1421;1421;1421;1421;0;23.357142857142858;42.78333333
1422;1422;1422;1422;0;23.292857142857144;42.78333333
1423;1423;1423;1423;0;23.22857142857143;42.78333333
1424;1424;1424;1424;0;23.164285714285715;42.78333333
1425;1425;1425;1425;0;23.1;42.78333333
1426;1426;1426;1426;0;23.035714285714285;42.78333333
1427;1427;1427;1427;0;22.971428571428568;42.78333333
1428;1428;1428;1428;0;22.907142857142855;42.78333333
1429;1429;1429;1429;0;22.842857142857145;42.78333333
1430;1430;1430;1430;0;22.778571428571432;42.78333333
1431;1431;1431;1431;0;22.714285714285715;42.78333333
1432;1432;1432;1432;0;22.65;42.78333333
1433;1433;1433;1433;0;22.585714285714285;42.78333333
1434;1434;1434;1434;0;22.52142857142857;42.78333333
1435;1435;1435;1435;0;22.457142857142856;42.78333333
1436;1436;1436;1436;0;22.392857142857142;42.78333333
1437;1437;1437;1437;0;22.32857142857143;42.78333333
1438;1438;1438;1438;0;22.264285714285712;42.78333333
1439;1439;1439;1439;0;22.200000000000003;42.78333333
