,timestamp,symbol,vwap,delayed_trade_date
0,2023-02-03 13:00:00,TSLA,190.046783,2023-02-03 00:00:00
1,2023-02-03 13:00:00,UVXY,4.876871,2023-02-03 00:00:00
2,2023-02-03 13:00:00,PGR,134.97,2023-02-03 00:00:00
3,2023-02-03 13:00:00,EWW,57.3,2023-02-03 00:00:00
4,2023-02-03 13:00:00,XBI,91.595833,2023-02-03 00:00:00
5,2023-02-03 13:00:00,AMZN,108.09638,2023-02-03 00:00:00
6,2023-02-03 13:00:00,XLF,36.560495,2023-02-03 00:00:00
7,2023-02-03 13:00:00,MSFT,261.912825,2023-02-03 00:00:00
8,2023-02-03 13:00:00,CS,3.663674,2023-02-03 00:00:00
9,2023-02-03 13:00:00,ASML,693.31956,2023-02-03 00:00:00
10,2023-02-03 13:00:00,NVO,137.184226,2023-02-03 00:00:00
11,2023-02-03 13:00:00,KRE,64.398939,2023-02-03 00:00:00
12,2023-02-03 13:00:00,UBS,21.71,2023-02-03 00:00:00
13,2023-02-03 13:00:00,NVDA,213.887098,2023-02-03 00:00:00
14,2023-02-03 14:00:00,AMZN,107.972956,2023-02-03 00:00:00
15,2023-02-03 14:00:00,UVXY,4.941314,2023-02-03 00:00:00
16,2023-02-03 14:00:00,PGR,134.97,2023-02-03 00:00:00
17,2023-02-03 14:00:00,EWW,57.3,2023-02-03 00:00:00
18,2023-02-03 14:00:00,MSFT,260.424412,2023-02-03 00:00:00
19,2023-02-03 14:00:00,XLF,36.471803,2023-02-03 00:00:00
20,2023-02-03 14:00:00,XBI,91.120324,2023-02-03 00:00:00
21,2023-02-03 14:00:00,CS,3.633114,2023-02-03 00:00:00
22,2023-02-03 14:00:00,ASML,679.037068,2023-02-03 00:00:00
23,2023-02-03 14:00:00,NVO,135.680337,2023-02-03 00:00:00
24,2023-02-03 14:00:00,KRE,64.398939,2023-02-03 00:00:00
25,2023-02-03 14:00:00,UBS,21.503126,2023-02-03 00:00:00
26,2023-02-03 14:00:00,TSLA,188.43407,2023-02-03 00:00:00
27,2023-02-03 14:00:00,NVDA,213.008472,2023-02-03 00:00:00
28,2023-02-03 15:00:00,UVXY,4.913487,2023-02-03 00:00:00
29,2023-02-03 15:00:00,PGR,135.522604,2023-02-03 00:00:00
30,2023-02-03 15:00:00,EWW,57.123085,2023-02-03 00:00:00
31,2023-02-03 15:00:00,XBI,91.267754,2023-02-03 00:00:00
32,2023-02-03 15:00:00,MSFT,260.559643,2023-02-03 00:00:00
33,2023-02-03 15:00:00,AMZN,106.954669,2023-02-03 00:00:00
34,2023-02-03 15:00:00,XLF,36.498331,2023-02-03 00:00:00
35,2023-02-03 15:00:00,NVDA,211.947058,2023-02-03 00:00:00
36,2023-02-03 15:00:00,ASML,683.271376,2023-02-03 00:00:00
37,2023-02-03 15:00:00,NVO,136.166936,2023-02-03 00:00:00
38,2023-02-03 15:00:00,KRE,64.26334,2023-02-03 00:00:00
39,2023-02-03 15:00:00,UBS,21.564709,2023-02-03 00:00:00
40,2023-02-03 15:00:00,TSLA,191.46377,2023-02-03 00:00:00
41,2023-02-03 15:00:00,CS,3.625878,2023-02-03 00:00:00
42,2023-02-03 16:00:00,AMZN,107.208504,2023-02-03 00:00:00
43,2023-02-03 16:00:00,UVXY,4.883089,2023-02-03 00:00:00
44,2023-02-03 16:00:00,PGR,135.577892,2023-02-03 00:00:00
45,2023-02-03 16:00:00,EWW,56.945102,2023-02-03 00:00:00
46,2023-02-03 16:00:00,XBI,91.324843,2023-02-03 00:00:00
47,2023-02-03 16:00:00,MSFT,262.375374,2023-02-03 00:00:00
48,2023-02-03 16:00:00,XLF,36.573169,2023-02-03 00:00:00
49,2023-02-03 16:00:00,KRE,64.829149,2023-02-03 00:00:00
50,2023-02-03 16:00:00,CS,3.61663,2023-02-03 00:00:00
51,2023-02-03 16:00:00,ASML,686.508803,2023-02-03 00:00:00
52,2023-02-03 16:00:00,NVO,136.545312,2023-02-03 00:00:00
53,2023-02-03 16:00:00,NVDA,215.361581,2023-02-03 00:00:00
54,2023-02-03 16:00:00,UBS,21.67437,2023-02-03 00:00:00
55,2023-02-03 16:00:00,TSLA,196.422742,2023-02-03 00:00:00
56,2023-02-03 17:00:00,PGR,136.350958,2023-02-03 00:00:00
57,2023-02-03 17:00:00,EWW,57.239844,2023-02-03 00:00:00
58,2023-02-03 17:00:00,XBI,91.682766,2023-02-03 00:00:00
59,2023-02-03 17:00:00,MSFT,262.744384,2023-02-03 00:00:00
60,2023-02-03 17:00:00,AMZN,107.953416,2023-02-03 00:00:00
61,2023-02-03 17:00:00,XLF,36.701666,2023-02-03 00:00:00
62,2023-02-03 17:00:00,UVXY,4.938518,2023-02-03 00:00:00
63,2023-02-03 17:00:00,CS,3.639646,2023-02-03 00:00:00
64,2023-02-03 17:00:00,ASML,691.245719,2023-02-03 00:00:00
65,2023-02-03 17:00:00,NVO,136.902785,2023-02-03 00:00:00
66,2023-02-03 17:00:00,KRE,64.984538,2023-02-03 00:00:00
67,2023-02-03 17:00:00,UBS,21.796714,2023-02-03 00:00:00
68,2023-02-03 17:00:00,TSLA,197.156287,2023-02-03 00:00:00
69,2023-02-03 17:00:00,NVDA,215.698021,2023-02-03 00:00:00
70,2023-02-03 18:00:00,UVXY,4.956669,2023-02-03 00:00:00
71,2023-02-03 18:00:00,PGR,136.875082,2023-02-03 00:00:00
72,2023-02-03 18:00:00,EWW,56.99635,2023-02-03 00:00:00
73,2023-02-03 18:00:00,XBI,91.753281,2023-02-03 00:00:00
74,2023-02-03 18:00:00,MSFT,262.064489,2023-02-03 00:00:00
75,2023-02-03 18:00:00,AMZN,107.57149,2023-02-03 00:00:00
76,2023-02-03 18:00:00,XLF,36.790718,2023-02-03 00:00:00
77,2023-02-03 18:00:00,NVDA,215.477304,2023-02-03 00:00:00
78,2023-02-03 18:00:00,ASML,689.748435,2023-02-03 00:00:00
79,2023-02-03 18:00:00,NVO,136.866012,2023-02-03 00:00:00
80,2023-02-03 18:00:00,KRE,65.113124,2023-02-03 00:00:00
81,2023-02-03 18:00:00,UBS,21.772506,2023-02-03 00:00:00
82,2023-02-03 18:00:00,TSLA,196.523054,2023-02-03 00:00:00
83,2023-02-03 18:00:00,CS,3.639511,2023-02-03 00:00:00
84,2023-02-03 19:00:00,AMZN,105.166468,2023-02-03 00:00:00
85,2023-02-03 19:00:00,UVXY,5.067645,2023-02-03 00:00:00
86,2023-02-03 19:00:00,PGR,135.789608,2023-02-03 00:00:00
87,2023-02-03 19:00:00,EWW,56.980069,2023-02-03 00:00:00
88,2023-02-03 19:00:00,MSFT,259.336534,2023-02-03 00:00:00
89,2023-02-03 19:00:00,XLF,36.578825,2023-02-03 00:00:00
90,2023-02-03 19:00:00,XBI,91.134214,2023-02-03 00:00:00
91,2023-02-03 19:00:00,CS,3.601587,2023-02-03 00:00:00
92,2023-02-03 19:00:00,ASML,683.849189,2023-02-03 00:00:00
93,2023-02-03 19:00:00,NVO,136.212336,2023-02-03 00:00:00
94,2023-02-03 19:00:00,NVDA,212.699699,2023-02-03 00:00:00
95,2023-02-03 19:00:00,KRE,64.605368,2023-02-03 00:00:00
96,2023-02-03 19:00:00,UBS,21.69768,2023-02-03 00:00:00
97,2023-02-03 19:00:00,TSLA,191.710697,2023-02-03 00:00:00
98,2023-02-03 20:00:00,PGR,135.798629,2023-02-03 00:00:00
99,2023-02-03 20:00:00,EWW,56.857146,2023-02-03 00:00:00
100,2023-02-03 20:00:00,XBI,90.710266,2023-02-03 00:00:00
101,2023-02-03 20:00:00,MSFT,258.179692,2023-02-03 00:00:00
102,2023-02-03 20:00:00,AMZN,104.095739,2023-02-03 00:00:00
103,2023-02-03 20:00:00,XLF,36.511439,2023-02-03 00:00:00
104,2023-02-03 20:00:00,UVXY,5.011415,2023-02-03 00:00:00
105,2023-02-03 20:00:00,CS,3.574752,2023-02-03 00:00:00
106,2023-02-03 20:00:00,ASML,682.554642,2023-02-03 00:00:00
107,2023-02-03 20:00:00,NVO,136.285079,2023-02-03 00:00:00
108,2023-02-03 20:00:00,KRE,64.522774,2023-02-03 00:00:00
109,2023-02-03 20:00:00,UBS,21.657262,2023-02-03 00:00:00
110,2023-02-03 20:00:00,TSLA,191.27103,2023-02-03 00:00:00
111,2023-02-03 20:00:00,NVDA,211.712999,2023-02-03 00:00:00
112,2023-02-03 21:00:00,UVXY,4.936741,2023-02-03 00:00:00
113,2023-02-03 21:00:00,PGR,136.105812,2023-02-03 00:00:00
114,2023-02-03 21:00:00,EWW,56.94136,2023-02-03 00:00:00
115,2023-02-03 21:00:00,XBI,90.367836,2023-02-03 00:00:00
116,2023-02-03 21:00:00,MSFT,258.117537,2023-02-03 00:00:00
117,2023-02-03 21:00:00,AMZN,103.233524,2023-02-03 00:00:00
118,2023-02-03 21:00:00,XLF,36.516799,2023-02-03 00:00:00
119,2023-02-03 21:00:00,NVDA,210.752251,2023-02-03 00:00:00
120,2023-02-03 21:00:00,ASML,680.528964,2023-02-03 00:00:00
121,2023-02-03 21:00:00,NVO,136.584777,2023-02-03 00:00:00
122,2023-02-03 21:00:00,KRE,64.578788,2023-02-03 00:00:00
123,2023-02-03 21:00:00,UBS,21.662379,2023-02-03 00:00:00
124,2023-02-03 21:00:00,TSLA,190.023317,2023-02-03 00:00:00
125,2023-02-03 21:00:00,CS,3.558303,2023-02-03 00:00:00
126,2023-02-04 13:00:00,AMZN,103.233524,2023-02-04 00:00:00
127,2023-02-04 13:00:00,PGR,136.105812,2023-02-04 00:00:00
128,2023-02-04 13:00:00,EWW,56.94136,2023-02-04 00:00:00
129,2023-02-04 13:00:00,XBI,90.367836,2023-02-04 00:00:00
130,2023-02-04 13:00:00,MSFT,258.117537,2023-02-04 00:00:00
131,2023-02-04 13:00:00,XLF,36.516799,2023-02-04 00:00:00
132,2023-02-04 13:00:00,UVXY,4.936741,2023-02-04 00:00:00
133,2023-02-04 13:00:00,CS,3.558303,2023-02-04 00:00:00
134,2023-02-04 13:00:00,TSLA,190.023317,2023-02-04 00:00:00
135,2023-02-04 13:00:00,UBS,21.662379,2023-02-04 00:00:00
136,2023-02-04 13:00:00,NVDA,210.752251,2023-02-04 00:00:00
137,2023-02-04 13:00:00,NVO,136.584777,2023-02-04 00:00:00
138,2023-02-04 13:00:00,ASML,680.528964,2023-02-04 00:00:00
139,2023-02-04 13:00:00,KRE,64.578788,2023-02-04 00:00:00
140,2023-02-04 14:00:00,UVXY,4.936741,2023-02-04 00:00:00
141,2023-02-04 14:00:00,PGR,136.105812,2023-02-04 00:00:00
142,2023-02-04 14:00:00,EWW,56.94136,2023-02-04 00:00:00
143,2023-02-04 14:00:00,XBI,90.367836,2023-02-04 00:00:00
144,2023-02-04 14:00:00,MSFT,258.117537,2023-02-04 00:00:00
145,2023-02-04 14:00:00,XLF,36.516799,2023-02-04 00:00:00
146,2023-02-04 14:00:00,AMZN,103.233524,2023-02-04 00:00:00
147,2023-02-04 14:00:00,CS,3.558303,2023-02-04 00:00:00
148,2023-02-04 14:00:00,ASML,680.528964,2023-02-04 00:00:00
149,2023-02-04 14:00:00,NVO,136.584777,2023-02-04 00:00:00
150,2023-02-04 14:00:00,KRE,64.578788,2023-02-04 00:00:00
151,2023-02-04 14:00:00,UBS,21.662379,2023-02-04 00:00:00
152,2023-02-04 14:00:00,TSLA,190.023317,2023-02-04 00:00:00
153,2023-02-04 14:00:00,NVDA,210.752251,2023-02-04 00:00:00
154,2023-02-04 15:00:00,UVXY,4.936741,2023-02-04 00:00:00
155,2023-02-04 15:00:00,PGR,136.105812,2023-02-04 00:00:00
156,2023-02-04 15:00:00,EWW,56.94136,2023-02-04 00:00:00
157,2023-02-04 15:00:00,XBI,90.367836,2023-02-04 00:00:00
158,2023-02-04 15:00:00,MSFT,258.117537,2023-02-04 00:00:00
159,2023-02-04 15:00:00,AMZN,103.233524,2023-02-04 00:00:00
160,2023-02-04 15:00:00,XLF,36.516799,2023-02-04 00:00:00
161,2023-02-04 15:00:00,NVDA,210.752251,2023-02-04 00:00:00
162,2023-02-04 15:00:00,ASML,680.528964,2023-02-04 00:00:00
163,2023-02-04 15:00:00,NVO,136.584777,2023-02-04 00:00:00
164,2023-02-04 15:00:00,KRE,64.578788,2023-02-04 00:00:00
165,2023-02-04 15:00:00,UBS,21.662379,2023-02-04 00:00:00
166,2023-02-04 15:00:00,TSLA,190.023317,2023-02-04 00:00:00
167,2023-02-04 15:00:00,CS,3.558303,2023-02-04 00:00:00
168,2023-02-04 16:00:00,UVXY,4.936741,2023-02-04 00:00:00
169,2023-02-04 16:00:00,PGR,136.105812,2023-02-04 00:00:00
170,2023-02-04 16:00:00,EWW,56.94136,2023-02-04 00:00:00
171,2023-02-04 16:00:00,XBI,90.367836,2023-02-04 00:00:00
172,2023-02-04 16:00:00,MSFT,258.117537,2023-02-04 00:00:00
173,2023-02-04 16:00:00,AMZN,103.233524,2023-02-04 00:00:00
174,2023-02-04 16:00:00,XLF,36.516799,2023-02-04 00:00:00
175,2023-02-04 16:00:00,CS,3.558303,2023-02-04 00:00:00
176,2023-02-04 16:00:00,ASML,680.528964,2023-02-04 00:00:00
177,2023-02-04 16:00:00,NVO,136.584777,2023-02-04 00:00:00
178,2023-02-04 16:00:00,KRE,64.578788,2023-02-04 00:00:00
179,2023-02-04 16:00:00,UBS,21.662379,2023-02-04 00:00:00
180,2023-02-04 16:00:00,TSLA,190.023317,2023-02-04 00:00:00
181,2023-02-04 16:00:00,NVDA,210.752251,2023-02-04 00:00:00
182,2023-02-04 17:00:00,AMZN,103.233524,2023-02-04 00:00:00
183,2023-02-04 17:00:00,UVXY,4.936741,2023-02-04 00:00:00
184,2023-02-04 17:00:00,PGR,136.105812,2023-02-04 00:00:00
185,2023-02-04 17:00:00,EWW,56.94136,2023-02-04 00:00:00
186,2023-02-04 17:00:00,XBI,90.367836,2023-02-04 00:00:00
187,2023-02-04 17:00:00,MSFT,258.117537,2023-02-04 00:00:00
188,2023-02-04 17:00:00,XLF,36.516799,2023-02-04 00:00:00
189,2023-02-04 17:00:00,KRE,64.578788,2023-02-04 00:00:00
190,2023-02-04 17:00:00,CS,3.558303,2023-02-04 00:00:00
191,2023-02-04 17:00:00,ASML,680.528964,2023-02-04 00:00:00
192,2023-02-04 17:00:00,NVO,136.584777,2023-02-04 00:00:00
193,2023-02-04 17:00:00,NVDA,210.752251,2023-02-04 00:00:00
194,2023-02-04 17:00:00,UBS,21.662379,2023-02-04 00:00:00
195,2023-02-04 17:00:00,TSLA,190.023317,2023-02-04 00:00:00
196,2023-02-04 18:00:00,UVXY,4.936741,2023-02-04 00:00:00
197,2023-02-04 18:00:00,PGR,136.105812,2023-02-04 00:00:00
198,2023-02-04 18:00:00,EWW,56.94136,2023-02-04 00:00:00
199,2023-02-04 18:00:00,XBI,90.367836,2023-02-04 00:00:00
200,2023-02-04 18:00:00,MSFT,258.117537,2023-02-04 00:00:00
201,2023-02-04 18:00:00,AMZN,103.233524,2023-02-04 00:00:00
202,2023-02-04 18:00:00,XLF,36.516799,2023-02-04 00:00:00
203,2023-02-04 18:00:00,CS,3.558303,2023-02-04 00:00:00
204,2023-02-04 18:00:00,ASML,680.528964,2023-02-04 00:00:00
205,2023-02-04 18:00:00,NVO,136.584777,2023-02-04 00:00:00
206,2023-02-04 18:00:00,KRE,64.578788,2023-02-04 00:00:00
207,2023-02-04 18:00:00,UBS,21.662379,2023-02-04 00:00:00
208,2023-02-04 18:00:00,TSLA,190.023317,2023-02-04 00:00:00
209,2023-02-04 18:00:00,NVDA,210.752251,2023-02-04 00:00:00
210,2023-02-04 19:00:00,AMZN,103.233524,2023-02-04 00:00:00
211,2023-02-04 19:00:00,UVXY,4.936741,2023-02-04 00:00:00
212,2023-02-04 19:00:00,PGR,136.105812,2023-02-04 00:00:00
213,2023-02-04 19:00:00,EWW,56.94136,2023-02-04 00:00:00
214,2023-02-04 19:00:00,XBI,90.367836,2023-02-04 00:00:00
215,2023-02-04 19:00:00,MSFT,258.117537,2023-02-04 00:00:00
216,2023-02-04 19:00:00,XLF,36.516799,2023-02-04 00:00:00
217,2023-02-04 19:00:00,TSLA,190.023317,2023-02-04 00:00:00
218,2023-02-04 19:00:00,CS,3.558303,2023-02-04 00:00:00
219,2023-02-04 19:00:00,ASML,680.528964,2023-02-04 00:00:00
220,2023-02-04 19:00:00,NVO,136.584777,2023-02-04 00:00:00
221,2023-02-04 19:00:00,KRE,64.578788,2023-02-04 00:00:00
222,2023-02-04 19:00:00,UBS,21.662379,2023-02-04 00:00:00
223,2023-02-04 19:00:00,NVDA,210.752251,2023-02-04 00:00:00
224,2023-02-04 20:00:00,AMZN,103.233524,2023-02-04 00:00:00
225,2023-02-04 20:00:00,UVXY,4.936741,2023-02-04 00:00:00
226,2023-02-04 20:00:00,PGR,136.105812,2023-02-04 00:00:00
227,2023-02-04 20:00:00,EWW,56.94136,2023-02-04 00:00:00
228,2023-02-04 20:00:00,XBI,90.367836,2023-02-04 00:00:00
229,2023-02-04 20:00:00,MSFT,258.117537,2023-02-04 00:00:00
230,2023-02-04 20:00:00,XLF,36.516799,2023-02-04 00:00:00
231,2023-02-04 20:00:00,NVDA,210.752251,2023-02-04 00:00:00
232,2023-02-04 20:00:00,CS,3.558303,2023-02-04 00:00:00
233,2023-02-04 20:00:00,ASML,680.528964,2023-02-04 00:00:00
234,2023-02-04 20:00:00,NVO,136.584777,2023-02-04 00:00:00
235,2023-02-04 20:00:00,KRE,64.578788,2023-02-04 00:00:00
236,2023-02-04 20:00:00,UBS,21.662379,2023-02-04 00:00:00
237,2023-02-04 20:00:00,TSLA,190.023317,2023-02-04 00:00:00
238,2023-02-04 21:00:00,PGR,136.105812,2023-02-04 00:00:00
239,2023-02-04 21:00:00,EWW,56.94136,2023-02-04 00:00:00
240,2023-02-04 21:00:00,XBI,90.367836,2023-02-04 00:00:00
241,2023-02-04 21:00:00,MSFT,258.117537,2023-02-04 00:00:00
242,2023-02-04 21:00:00,AMZN,103.233524,2023-02-04 00:00:00
243,2023-02-04 21:00:00,XLF,36.516799,2023-02-04 00:00:00
244,2023-02-04 21:00:00,UVXY,4.936741,2023-02-04 00:00:00
245,2023-02-04 21:00:00,CS,3.558303,2023-02-04 00:00:00
246,2023-02-04 21:00:00,ASML,680.528964,2023-02-04 00:00:00
247,2023-02-04 21:00:00,NVO,136.584777,2023-02-04 00:00:00
248,2023-02-04 21:00:00,KRE,64.578788,2023-02-04 00:00:00
249,2023-02-04 21:00:00,UBS,21.662379,2023-02-04 00:00:00
250,2023-02-04 21:00:00,TSLA,190.023317,2023-02-04 00:00:00
251,2023-02-04 21:00:00,NVDA,210.752251,2023-02-04 00:00:00
252,2023-02-05 13:00:00,UVXY,4.936741,2023-02-05 00:00:00
253,2023-02-05 13:00:00,PGR,136.105812,2023-02-05 00:00:00
254,2023-02-05 13:00:00,EWW,56.94136,2023-02-05 00:00:00
255,2023-02-05 13:00:00,XBI,90.367836,2023-02-05 00:00:00
256,2023-02-05 13:00:00,MSFT,258.117537,2023-02-05 00:00:00
257,2023-02-05 13:00:00,AMZN,103.233524,2023-02-05 00:00:00
258,2023-02-05 13:00:00,XLF,36.516799,2023-02-05 00:00:00
259,2023-02-05 13:00:00,NVDA,210.752251,2023-02-05 00:00:00
260,2023-02-05 13:00:00,ASML,680.528964,2023-02-05 00:00:00
261,2023-02-05 13:00:00,NVO,136.584777,2023-02-05 00:00:00
262,2023-02-05 13:00:00,KRE,64.578788,2023-02-05 00:00:00
263,2023-02-05 13:00:00,UBS,21.662379,2023-02-05 00:00:00
264,2023-02-05 13:00:00,TSLA,190.023317,2023-02-05 00:00:00
265,2023-02-05 13:00:00,CS,3.558303,2023-02-05 00:00:00
266,2023-02-05 14:00:00,AMZN,103.233524,2023-02-05 00:00:00
267,2023-02-05 14:00:00,PGR,136.105812,2023-02-05 00:00:00
268,2023-02-05 14:00:00,EWW,56.94136,2023-02-05 00:00:00
269,2023-02-05 14:00:00,XBI,90.367836,2023-02-05 00:00:00
270,2023-02-05 14:00:00,MSFT,258.117537,2023-02-05 00:00:00
271,2023-02-05 14:00:00,XLF,36.516799,2023-02-05 00:00:00
272,2023-02-05 14:00:00,UVXY,4.936741,2023-02-05 00:00:00
273,2023-02-05 14:00:00,CS,3.558303,2023-02-05 00:00:00
274,2023-02-05 14:00:00,ASML,680.528964,2023-02-05 00:00:00
275,2023-02-05 14:00:00,NVO,136.584777,2023-02-05 00:00:00
276,2023-02-05 14:00:00,KRE,64.578788,2023-02-05 00:00:00
277,2023-02-05 14:00:00,UBS,21.662379,2023-02-05 00:00:00
278,2023-02-05 14:00:00,TSLA,190.023317,2023-02-05 00:00:00
279,2023-02-05 14:00:00,NVDA,210.752251,2023-02-05 00:00:00
280,2023-02-05 15:00:00,PGR,136.105812,2023-02-05 00:00:00
281,2023-02-05 15:00:00,EWW,56.94136,2023-02-05 00:00:00
282,2023-02-05 15:00:00,XBI,90.367836,2023-02-05 00:00:00
283,2023-02-05 15:00:00,MSFT,258.117537,2023-02-05 00:00:00
284,2023-02-05 15:00:00,AMZN,103.233524,2023-02-05 00:00:00
285,2023-02-05 15:00:00,XLF,36.516799,2023-02-05 00:00:00
286,2023-02-05 15:00:00,UVXY,4.936741,2023-02-05 00:00:00
287,2023-02-05 15:00:00,CS,3.558303,2023-02-05 00:00:00
288,2023-02-05 15:00:00,ASML,680.528964,2023-02-05 00:00:00
289,2023-02-05 15:00:00,NVO,136.584777,2023-02-05 00:00:00
290,2023-02-05 15:00:00,KRE,64.578788,2023-02-05 00:00:00
291,2023-02-05 15:00:00,UBS,21.662379,2023-02-05 00:00:00
292,2023-02-05 15:00:00,TSLA,190.023317,2023-02-05 00:00:00
293,2023-02-05 15:00:00,NVDA,210.752251,2023-02-05 00:00:00
294,2023-02-05 16:00:00,UVXY,4.936741,2023-02-05 00:00:00
295,2023-02-05 16:00:00,PGR,136.105812,2023-02-05 00:00:00
296,2023-02-05 16:00:00,EWW,56.94136,2023-02-05 00:00:00
297,2023-02-05 16:00:00,XBI,90.367836,2023-02-05 00:00:00
298,2023-02-05 16:00:00,MSFT,258.117537,2023-02-05 00:00:00
299,2023-02-05 16:00:00,AMZN,103.233524,2023-02-05 00:00:00
300,2023-02-05 16:00:00,XLF,36.516799,2023-02-05 00:00:00
301,2023-02-05 16:00:00,NVDA,210.752251,2023-02-05 00:00:00
302,2023-02-05 16:00:00,ASML,680.528964,2023-02-05 00:00:00
303,2023-02-05 16:00:00,NVO,136.584777,2023-02-05 00:00:00
304,2023-02-05 16:00:00,KRE,64.578788,2023-02-05 00:00:00
305,2023-02-05 16:00:00,UBS,21.662379,2023-02-05 00:00:00
306,2023-02-05 16:00:00,TSLA,190.023317,2023-02-05 00:00:00
307,2023-02-05 16:00:00,CS,3.558303,2023-02-05 00:00:00
308,2023-02-05 17:00:00,AMZN,103.233524,2023-02-05 00:00:00
309,2023-02-05 17:00:00,PGR,136.105812,2023-02-05 00:00:00
310,2023-02-05 17:00:00,EWW,56.94136,2023-02-05 00:00:00
311,2023-02-05 17:00:00,XBI,90.367836,2023-02-05 00:00:00
312,2023-02-05 17:00:00,MSFT,258.117537,2023-02-05 00:00:00
313,2023-02-05 17:00:00,XLF,36.516799,2023-02-05 00:00:00
314,2023-02-05 17:00:00,UVXY,4.936741,2023-02-05 00:00:00
315,2023-02-05 17:00:00,CS,3.558303,2023-02-05 00:00:00
316,2023-02-05 17:00:00,TSLA,190.023317,2023-02-05 00:00:00
317,2023-02-05 17:00:00,UBS,21.662379,2023-02-05 00:00:00
318,2023-02-05 17:00:00,NVDA,210.752251,2023-02-05 00:00:00
319,2023-02-05 17:00:00,NVO,136.584777,2023-02-05 00:00:00
320,2023-02-05 17:00:00,ASML,680.528964,2023-02-05 00:00:00
321,2023-02-05 17:00:00,KRE,64.578788,2023-02-05 00:00:00
322,2023-02-05 18:00:00,UVXY,4.936741,2023-02-05 00:00:00
323,2023-02-05 18:00:00,PGR,136.105812,2023-02-05 00:00:00
324,2023-02-05 18:00:00,EWW,56.94136,2023-02-05 00:00:00
325,2023-02-05 18:00:00,XBI,90.367836,2023-02-05 00:00:00
326,2023-02-05 18:00:00,MSFT,258.117537,2023-02-05 00:00:00
327,2023-02-05 18:00:00,XLF,36.516799,2023-02-05 00:00:00
328,2023-02-05 18:00:00,AMZN,103.233524,2023-02-05 00:00:00
329,2023-02-05 18:00:00,CS,3.558303,2023-02-05 00:00:00
330,2023-02-05 18:00:00,ASML,680.528964,2023-02-05 00:00:00
331,2023-02-05 18:00:00,NVO,136.584777,2023-02-05 00:00:00
332,2023-02-05 18:00:00,KRE,64.578788,2023-02-05 00:00:00
333,2023-02-05 18:00:00,UBS,21.662379,2023-02-05 00:00:00
334,2023-02-05 18:00:00,TSLA,190.023317,2023-02-05 00:00:00
335,2023-02-05 18:00:00,NVDA,210.752251,2023-02-05 00:00:00
336,2023-02-05 19:00:00,UVXY,4.936741,2023-02-05 00:00:00
337,2023-02-05 19:00:00,PGR,136.105812,2023-02-05 00:00:00
338,2023-02-05 19:00:00,EWW,56.94136,2023-02-05 00:00:00
339,2023-02-05 19:00:00,XBI,90.367836,2023-02-05 00:00:00
340,2023-02-05 19:00:00,MSFT,258.117537,2023-02-05 00:00:00
341,2023-02-05 19:00:00,AMZN,103.233524,2023-02-05 00:00:00
342,2023-02-05 19:00:00,XLF,36.516799,2023-02-05 00:00:00
343,2023-02-05 19:00:00,NVDA,210.752251,2023-02-05 00:00:00
344,2023-02-05 19:00:00,ASML,680.528964,2023-02-05 00:00:00
345,2023-02-05 19:00:00,NVO,136.584777,2023-02-05 00:00:00
346,2023-02-05 19:00:00,KRE,64.578788,2023-02-05 00:00:00
347,2023-02-05 19:00:00,UBS,21.662379,2023-02-05 00:00:00
348,2023-02-05 19:00:00,TSLA,190.023317,2023-02-05 00:00:00
349,2023-02-05 19:00:00,CS,3.558303,2023-02-05 00:00:00
350,2023-02-05 20:00:00,UVXY,4.936741,2023-02-05 00:00:00
351,2023-02-05 20:00:00,PGR,136.105812,2023-02-05 00:00:00
352,2023-02-05 20:00:00,EWW,56.94136,2023-02-05 00:00:00
353,2023-02-05 20:00:00,XBI,90.367836,2023-02-05 00:00:00
354,2023-02-05 20:00:00,MSFT,258.117537,2023-02-05 00:00:00
355,2023-02-05 20:00:00,AMZN,103.233524,2023-02-05 00:00:00
356,2023-02-05 20:00:00,XLF,36.516799,2023-02-05 00:00:00
357,2023-02-05 20:00:00,NVDA,210.752251,2023-02-05 00:00:00
358,2023-02-05 20:00:00,ASML,680.528964,2023-02-05 00:00:00
359,2023-02-05 20:00:00,NVO,136.584777,2023-02-05 00:00:00
360,2023-02-05 20:00:00,KRE,64.578788,2023-02-05 00:00:00
361,2023-02-05 20:00:00,UBS,21.662379,2023-02-05 00:00:00
362,2023-02-05 20:00:00,TSLA,190.023317,2023-02-05 00:00:00
363,2023-02-05 20:00:00,CS,3.558303,2023-02-05 00:00:00
364,2023-02-05 21:00:00,AMZN,103.233524,2023-02-05 00:00:00
365,2023-02-05 21:00:00,UVXY,4.936741,2023-02-05 00:00:00
366,2023-02-05 21:00:00,PGR,136.105812,2023-02-05 00:00:00
367,2023-02-05 21:00:00,EWW,56.94136,2023-02-05 00:00:00
368,2023-02-05 21:00:00,XBI,90.367836,2023-02-05 00:00:00
369,2023-02-05 21:00:00,XLF,36.516799,2023-02-05 00:00:00
370,2023-02-05 21:00:00,MSFT,258.117537,2023-02-05 00:00:00
371,2023-02-05 21:00:00,CS,3.558303,2023-02-05 00:00:00
372,2023-02-05 21:00:00,ASML,680.528964,2023-02-05 00:00:00
373,2023-02-05 21:00:00,NVDA,210.752251,2023-02-05 00:00:00
374,2023-02-05 21:00:00,NVO,136.584777,2023-02-05 00:00:00
375,2023-02-05 21:00:00,KRE,64.578788,2023-02-05 00:00:00
376,2023-02-05 21:00:00,UBS,21.662379,2023-02-05 00:00:00
377,2023-02-05 21:00:00,TSLA,190.023317,2023-02-05 00:00:00
378,2023-02-06 13:00:00,PGR,136.105812,2023-02-06 00:00:00
379,2023-02-06 13:00:00,EWW,56.94136,2023-02-06 00:00:00
380,2023-02-06 13:00:00,XBI,89.669749,2023-02-06 00:00:00
381,2023-02-06 13:00:00,MSFT,256.223248,2023-02-06 00:00:00
382,2023-02-06 13:00:00,AMZN,102.436269,2023-02-06 00:00:00
383,2023-02-06 13:00:00,XLF,36.41034,2023-02-06 00:00:00
384,2023-02-06 13:00:00,UVXY,4.969814,2023-02-06 00:00:00
385,2023-02-06 13:00:00,CS,3.477013,2023-02-06 00:00:00
386,2023-02-06 13:00:00,ASML,664.610914,2023-02-06 00:00:00
387,2023-02-06 13:00:00,NVO,138.768648,2023-02-06 00:00:00
388,2023-02-06 13:00:00,KRE,64.675862,2023-02-06 00:00:00
389,2023-02-06 13:00:00,UBS,21.304748,2023-02-06 00:00:00
390,2023-02-06 13:00:00,TSLA,192.927113,2023-02-06 00:00:00
391,2023-02-06 13:00:00,NVDA,207.825918,2023-02-06 00:00:00
392,2023-02-06 14:00:00,UVXY,4.959304,2023-02-06 00:00:00
393,2023-02-06 14:00:00,PGR,136.31,2023-02-06 00:00:00
394,2023-02-06 14:00:00,EWW,55.72,2023-02-06 00:00:00
395,2023-02-06 14:00:00,XBI,89.756026,2023-02-06 00:00:00
396,2023-02-06 14:00:00,MSFT,257.081523,2023-02-06 00:00:00
397,2023-02-06 14:00:00,AMZN,102.331619,2023-02-06 00:00:00
398,2023-02-06 14:00:00,XLF,36.382608,2023-02-06 00:00:00
399,2023-02-06 14:00:00,NVDA,207.999701,2023-02-06 00:00:00
400,2023-02-06 14:00:00,ASML,664.297856,2023-02-06 00:00:00
401,2023-02-06 14:00:00,NVO,138.537612,2023-02-06 00:00:00
402,2023-02-06 14:00:00,KRE,64.3375,2023-02-06 00:00:00
403,2023-02-06 14:00:00,UBS,21.301816,2023-02-06 00:00:00
404,2023-02-06 14:00:00,TSLA,194.084712,2023-02-06 00:00:00
405,2023-02-06 14:00:00,CS,3.50317,2023-02-06 00:00:00
406,2023-02-06 15:00:00,AMZN,102.903881,2023-02-06 00:00:00
407,2023-02-06 15:00:00,UVXY,4.962617,2023-02-06 00:00:00
408,2023-02-06 15:00:00,PGR,137.144998,2023-02-06 00:00:00
409,2023-02-06 15:00:00,EWW,56.384676,2023-02-06 00:00:00
410,2023-02-06 15:00:00,XBI,89.825595,2023-02-06 00:00:00
411,2023-02-06 15:00:00,MSFT,256.845504,2023-02-06 00:00:00
412,2023-02-06 15:00:00,XLF,36.412442,2023-02-06 00:00:00
413,2023-02-06 15:00:00,NVDA,211.367832,2023-02-06 00:00:00
414,2023-02-06 15:00:00,CS,3.492959,2023-02-06 00:00:00
415,2023-02-06 15:00:00,ASML,664.830772,2023-02-06 00:00:00
416,2023-02-06 15:00:00,NVO,137.524526,2023-02-06 00:00:00
417,2023-02-06 15:00:00,KRE,64.341153,2023-02-06 00:00:00
418,2023-02-06 15:00:00,UBS,21.334411,2023-02-06 00:00:00
419,2023-02-06 15:00:00,TSLA,195.34292,2023-02-06 00:00:00
420,2023-02-06 16:00:00,PGR,137.692162,2023-02-06 00:00:00
421,2023-02-06 16:00:00,EWW,56.35625,2023-02-06 00:00:00
422,2023-02-06 16:00:00,XBI,90.141616,2023-02-06 00:00:00
423,2023-02-06 16:00:00,MSFT,256.310403,2023-02-06 00:00:00
424,2023-02-06 16:00:00,AMZN,101.805134,2023-02-06 00:00:00
425,2023-02-06 16:00:00,XLF,36.376929,2023-02-06 00:00:00
426,2023-02-06 16:00:00,UVXY,5.009946,2023-02-06 00:00:00
427,2023-02-06 16:00:00,CS,3.479386,2023-02-06 00:00:00
428,2023-02-06 16:00:00,ASML,664.791018,2023-02-06 00:00:00
429,2023-02-06 16:00:00,NVO,137.854229,2023-02-06 00:00:00
430,2023-02-06 16:00:00,KRE,63.916308,2023-02-06 00:00:00
431,2023-02-06 16:00:00,UBS,21.256073,2023-02-06 00:00:00
432,2023-02-06 16:00:00,TSLA,193.210042,2023-02-06 00:00:00
433,2023-02-06 16:00:00,NVDA,211.974894,2023-02-06 00:00:00
434,2023-02-06 17:00:00,UVXY,4.99507,2023-02-06 00:00:00
435,2023-02-06 17:00:00,PGR,138.173129,2023-02-06 00:00:00
436,2023-02-06 17:00:00,EWW,56.634043,2023-02-06 00:00:00
437,2023-02-06 17:00:00,XBI,90.571949,2023-02-06 00:00:00
438,2023-02-06 17:00:00,MSFT,257.572191,2023-02-06 00:00:00
439,2023-02-06 17:00:00,AMZN,101.957556,2023-02-06 00:00:00
440,2023-02-06 17:00:00,XLF,36.483506,2023-02-06 00:00:00
441,2023-02-06 17:00:00,NVDA,214.037023,2023-02-06 00:00:00
442,2023-02-06 17:00:00,ASML,665.155286,2023-02-06 00:00:00
443,2023-02-06 17:00:00,NVO,137.682005,2023-02-06 00:00:00
444,2023-02-06 17:00:00,KRE,63.990365,2023-02-06 00:00:00
445,2023-02-06 17:00:00,UBS,21.349445,2023-02-06 00:00:00
446,2023-02-06 17:00:00,TSLA,195.463637,2023-02-06 00:00:00
447,2023-02-06 17:00:00,CS,3.490441,2023-02-06 00:00:00
448,2023-02-06 18:00:00,AMZN,102.350101,2023-02-06 00:00:00
449,2023-02-06 18:00:00,PGR,137.713171,2023-02-06 00:00:00
450,2023-02-06 18:00:00,EWW,56.2586,2023-02-06 00:00:00
451,2023-02-06 18:00:00,XBI,90.307329,2023-02-06 00:00:00
452,2023-02-06 18:00:00,MSFT,256.917679,2023-02-06 00:00:00
453,2023-02-06 18:00:00,XLF,36.46325,2023-02-06 00:00:00
454,2023-02-06 18:00:00,UVXY,5.013052,2023-02-06 00:00:00
455,2023-02-06 18:00:00,CS,3.502078,2023-02-06 00:00:00
456,2023-02-06 18:00:00,ASML,663.54536,2023-02-06 00:00:00
457,2023-02-06 18:00:00,NVO,137.414529,2023-02-06 00:00:00
458,2023-02-06 18:00:00,KRE,64.026779,2023-02-06 00:00:00
459,2023-02-06 18:00:00,UBS,21.353893,2023-02-06 00:00:00
460,2023-02-06 18:00:00,TSLA,194.519657,2023-02-06 00:00:00
461,2023-02-06 18:00:00,NVDA,213.024903,2023-02-06 00:00:00
462,2023-02-06 19:00:00,PGR,137.961336,2023-02-06 00:00:00
463,2023-02-06 19:00:00,EWW,56.453432,2023-02-06 00:00:00
464,2023-02-06 19:00:00,XBI,90.11876,2023-02-06 00:00:00
465,2023-02-06 19:00:00,MSFT,256.2811,2023-02-06 00:00:00
466,2023-02-06 19:00:00,AMZN,102.316228,2023-02-06 00:00:00
467,2023-02-06 19:00:00,XLF,36.504775,2023-02-06 00:00:00
468,2023-02-06 19:00:00,UVXY,5.030412,2023-02-06 00:00:00
469,2023-02-06 19:00:00,CS,3.497433,2023-02-06 00:00:00
470,2023-02-06 19:00:00,ASML,663.148527,2023-02-06 00:00:00
471,2023-02-06 19:00:00,NVO,138.44035,2023-02-06 00:00:00
472,2023-02-06 19:00:00,KRE,63.942755,2023-02-06 00:00:00
473,2023-02-06 19:00:00,UBS,21.403554,2023-02-06 00:00:00
474,2023-02-06 19:00:00,TSLA,194.27101,2023-02-06 00:00:00
475,2023-02-06 19:00:00,NVDA,211.272855,2023-02-06 00:00:00
476,2023-02-06 20:00:00,UVXY,5.013634,2023-02-06 00:00:00
477,2023-02-06 20:00:00,PGR,137.873733,2023-02-06 00:00:00
478,2023-02-06 20:00:00,EWW,56.535079,2023-02-06 00:00:00
479,2023-02-06 20:00:00,XBI,90.095518,2023-02-06 00:00:00
480,2023-02-06 20:00:00,MSFT,256.840279,2023-02-06 00:00:00
481,2023-02-06 20:00:00,AMZN,102.650156,2023-02-06 00:00:00
482,2023-02-06 20:00:00,XLF,36.549239,2023-02-06 00:00:00
483,2023-02-06 20:00:00,NVDA,211.714012,2023-02-06 00:00:00
484,2023-02-06 20:00:00,ASML,663.186964,2023-02-06 00:00:00
485,2023-02-06 20:00:00,NVO,138.37306,2023-02-06 00:00:00
486,2023-02-06 20:00:00,KRE,63.908897,2023-02-06 00:00:00
487,2023-02-06 20:00:00,UBS,21.407241,2023-02-06 00:00:00
488,2023-02-06 20:00:00,TSLA,195.411799,2023-02-06 00:00:00
489,2023-02-06 20:00:00,CS,3.50939,2023-02-06 00:00:00
490,2023-02-06 21:00:00,AMZN,102.128984,2023-02-06 00:00:00
491,2023-02-06 21:00:00,PGR,137.731154,2023-02-06 00:00:00
492,2023-02-06 21:00:00,EWW,56.474491,2023-02-06 00:00:00
493,2023-02-06 21:00:00,XBI,89.570635,2023-02-06 00:00:00
494,2023-02-06 21:00:00,MSFT,256.771263,2023-02-06 00:00:00
495,2023-02-06 21:00:00,XLF,36.547899,2023-02-06 00:00:00
496,2023-02-06 21:00:00,UVXY,5.063727,2023-02-06 00:00:00
497,2023-02-06 21:00:00,CS,3.518368,2023-02-06 00:00:00
498,2023-02-06 21:00:00,TSLA,194.366953,2023-02-06 00:00:00
499,2023-02-06 21:00:00,UBS,21.380366,2023-02-06 00:00:00
500,2023-02-06 21:00:00,NVDA,210.950571,2023-02-06 00:00:00
501,2023-02-06 21:00:00,NVO,138.003001,2023-02-06 00:00:00
502,2023-02-06 21:00:00,ASML,661.544929,2023-02-06 00:00:00
503,2023-02-06 21:00:00,KRE,64.021268,2023-02-06 00:00:00
504,2023-02-07 13:00:00,UVXY,5.03309,2023-02-07 00:00:00
505,2023-02-07 13:00:00,PGR,137.731154,2023-02-07 00:00:00
506,2023-02-07 13:00:00,EWW,56.474491,2023-02-07 00:00:00
507,2023-02-07 13:00:00,XBI,89.953083,2023-02-07 00:00:00
508,2023-02-07 13:00:00,MSFT,259.112149,2023-02-07 00:00:00
509,2023-02-07 13:00:00,XLF,36.547617,2023-02-07 00:00:00
510,2023-02-07 13:00:00,AMZN,102.428395,2023-02-07 00:00:00
511,2023-02-07 13:00:00,CS,3.53,2023-02-07 00:00:00
512,2023-02-07 13:00:00,ASML,665.10309,2023-02-07 00:00:00
513,2023-02-07 13:00:00,NVO,138.48,2023-02-07 00:00:00
514,2023-02-07 13:00:00,KRE,64.02,2023-02-07 00:00:00
515,2023-02-07 13:00:00,UBS,21.380366,2023-02-07 00:00:00
516,2023-02-07 13:00:00,TSLA,197.460224,2023-02-07 00:00:00
517,2023-02-07 13:00:00,NVDA,214.404285,2023-02-07 00:00:00
518,2023-02-07 14:00:00,UVXY,5.073664,2023-02-07 00:00:00
519,2023-02-07 14:00:00,PGR,137.67,2023-02-07 00:00:00
520,2023-02-07 14:00:00,EWW,56.414237,2023-02-07 00:00:00
521,2023-02-07 14:00:00,XBI,89.967512,2023-02-07 00:00:00
522,2023-02-07 14:00:00,MSFT,257.731672,2023-02-07 00:00:00
523,2023-02-07 14:00:00,AMZN,102.247444,2023-02-07 00:00:00
524,2023-02-07 14:00:00,XLF,36.47423,2023-02-07 00:00:00
525,2023-02-07 14:00:00,NVDA,213.446592,2023-02-07 00:00:00
526,2023-02-07 14:00:00,ASML,662.547864,2023-02-07 00:00:00
527,2023-02-07 14:00:00,NVO,138.596594,2023-02-07 00:00:00
528,2023-02-07 14:00:00,KRE,63.980616,2023-02-07 00:00:00
529,2023-02-07 14:00:00,UBS,21.574458,2023-02-07 00:00:00
530,2023-02-07 14:00:00,TSLA,196.985952,2023-02-07 00:00:00
531,2023-02-07 14:00:00,CS,3.537794,2023-02-07 00:00:00
532,2023-02-07 15:00:00,UVXY,5.097159,2023-02-07 00:00:00
533,2023-02-07 15:00:00,PGR,136.725612,2023-02-07 00:00:00
534,2023-02-07 15:00:00,EWW,56.113051,2023-02-07 00:00:00
535,2023-02-07 15:00:00,XBI,89.395985,2023-02-07 00:00:00
536,2023-02-07 15:00:00,MSFT,261.765023,2023-02-07 00:00:00
537,2023-02-07 15:00:00,AMZN,100.307748,2023-02-07 00:00:00
538,2023-02-07 15:00:00,XLF,36.465054,2023-02-07 00:00:00
539,2023-02-07 15:00:00,NVDA,213.109072,2023-02-07 00:00:00
540,2023-02-07 15:00:00,ASML,661.173792,2023-02-07 00:00:00
541,2023-02-07 15:00:00,NVO,138.479436,2023-02-07 00:00:00
542,2023-02-07 15:00:00,KRE,63.747643,2023-02-07 00:00:00
543,2023-02-07 15:00:00,UBS,21.398905,2023-02-07 00:00:00
544,2023-02-07 15:00:00,TSLA,194.905563,2023-02-07 00:00:00
545,2023-02-07 15:00:00,CS,3.525525,2023-02-07 00:00:00
546,2023-02-07 16:00:00,AMZN,99.059919,2023-02-07 00:00:00
547,2023-02-07 16:00:00,PGR,136.981794,2023-02-07 00:00:00
548,2023-02-07 16:00:00,EWW,55.836501,2023-02-07 00:00:00
549,2023-02-07 16:00:00,XBI,89.014556,2023-02-07 00:00:00
550,2023-02-07 16:00:00,MSFT,262.27619,2023-02-07 00:00:00
551,2023-02-07 16:00:00,XLF,36.516495,2023-02-07 00:00:00
552,2023-02-07 16:00:00,UVXY,5.087259,2023-02-07 00:00:00
553,2023-02-07 16:00:00,CS,3.511249,2023-02-07 00:00:00
554,2023-02-07 16:00:00,TSLA,192.649341,2023-02-07 00:00:00
555,2023-02-07 16:00:00,UBS,21.417642,2023-02-07 00:00:00
556,2023-02-07 16:00:00,NVDA,213.150799,2023-02-07 00:00:00
557,2023-02-07 16:00:00,NVO,138.533695,2023-02-07 00:00:00
558,2023-02-07 16:00:00,ASML,661.343084,2023-02-07 00:00:00
559,2023-02-07 16:00:00,KRE,63.830536,2023-02-07 00:00:00
560,2023-02-07 17:00:00,UVXY,5.037613,2023-02-07 00:00:00
561,2023-02-07 17:00:00,PGR,137.152744,2023-02-07 00:00:00
562,2023-02-07 17:00:00,EWW,56.165177,2023-02-07 00:00:00
563,2023-02-07 17:00:00,XBI,89.082877,2023-02-07 00:00:00
564,2023-02-07 17:00:00,MSFT,263.495395,2023-02-07 00:00:00
565,2023-02-07 17:00:00,XLF,36.631659,2023-02-07 00:00:00
566,2023-02-07 17:00:00,AMZN,99.708219,2023-02-07 00:00:00
567,2023-02-07 17:00:00,CS,3.531798,2023-02-07 00:00:00
568,2023-02-07 17:00:00,ASML,664.197353,2023-02-07 00:00:00
569,2023-02-07 17:00:00,NVO,138.396004,2023-02-07 00:00:00
570,2023-02-07 17:00:00,KRE,64.034006,2023-02-07 00:00:00
571,2023-02-07 17:00:00,UBS,21.487811,2023-02-07 00:00:00
572,2023-02-07 17:00:00,TSLA,194.593487,2023-02-07 00:00:00
573,2023-02-07 17:00:00,NVDA,215.859077,2023-02-07 00:00:00
574,2023-02-07 18:00:00,AMZN,100.214158,2023-02-07 00:00:00
575,2023-02-07 18:00:00,UVXY,4.921373,2023-02-07 00:00:00
576,2023-02-07 18:00:00,PGR,137.700573,2023-02-07 00:00:00
577,2023-02-07 18:00:00,EWW,56.232377,2023-02-07 00:00:00
578,2023-02-07 18:00:00,XBI,89.129711,2023-02-07 00:00:00
579,2023-02-07 18:00:00,MSFT,265.088047,2023-02-07 00:00:00
580,2023-02-07 18:00:00,XLF,36.843685,2023-02-07 00:00:00
581,2023-02-07 18:00:00,UBS,21.577988,2023-02-07 00:00:00
582,2023-02-07 18:00:00,CS,3.57398,2023-02-07 00:00:00
583,2023-02-07 18:00:00,ASML,671.890944,2023-02-07 00:00:00
584,2023-02-07 18:00:00,NVO,138.554368,2023-02-07 00:00:00
585,2023-02-07 18:00:00,KRE,64.442004,2023-02-07 00:00:00
586,2023-02-07 18:00:00,TSLA,194.830942,2023-02-07 00:00:00
587,2023-02-07 18:00:00,NVDA,217.692853,2023-02-07 00:00:00
588,2023-02-07 19:00:00,AMZN,99.279101,2023-02-07 00:00:00
589,2023-02-07 19:00:00,PGR,137.67877,2023-02-07 00:00:00
590,2023-02-07 19:00:00,EWW,56.378925,2023-02-07 00:00:00
591,2023-02-07 19:00:00,XBI,88.817093,2023-02-07 00:00:00
592,2023-02-07 19:00:00,MSFT,264.564041,2023-02-07 00:00:00
593,2023-02-07 19:00:00,XLF,36.728497,2023-02-07 00:00:00
594,2023-02-07 19:00:00,UVXY,4.966231,2023-02-07 00:00:00
595,2023-02-07 19:00:00,CS,3.576343,2023-02-07 00:00:00
596,2023-02-07 19:00:00,ASML,670.444732,2023-02-07 00:00:00
597,2023-02-07 19:00:00,NVO,138.711121,2023-02-07 00:00:00
598,2023-02-07 19:00:00,KRE,64.195249,2023-02-07 00:00:00
599,2023-02-07 19:00:00,UBS,21.535456,2023-02-07 00:00:00
600,2023-02-07 19:00:00,TSLA,192.579163,2023-02-07 00:00:00
601,2023-02-07 19:00:00,NVDA,216.291915,2023-02-07 00:00:00
602,2023-02-07 20:00:00,UVXY,4.913219,2023-02-07 00:00:00
603,2023-02-07 20:00:00,PGR,138.040994,2023-02-07 00:00:00
604,2023-02-07 20:00:00,EWW,56.490254,2023-02-07 00:00:00
605,2023-02-07 20:00:00,XBI,89.076414,2023-02-07 00:00:00
606,2023-02-07 20:00:00,MSFT,265.511433,2023-02-07 00:00:00
607,2023-02-07 20:00:00,AMZN,99.95296,2023-02-07 00:00:00
608,2023-02-07 20:00:00,XLF,36.789859,2023-02-07 00:00:00
609,2023-02-07 20:00:00,UBS,21.628549,2023-02-07 00:00:00
610,2023-02-07 20:00:00,CS,3.583448,2023-02-07 00:00:00
611,2023-02-07 20:00:00,ASML,673.130524,2023-02-07 00:00:00
612,2023-02-07 20:00:00,NVO,138.859539,2023-02-07 00:00:00
613,2023-02-07 20:00:00,KRE,64.419778,2023-02-07 00:00:00
614,2023-02-07 20:00:00,NVDA,218.006441,2023-02-07 00:00:00
615,2023-02-07 20:00:00,TSLA,193.703401,2023-02-07 00:00:00
616,2023-02-07 21:00:00,UVXY,4.837275,2023-02-07 00:00:00
617,2023-02-07 21:00:00,PGR,138.734034,2023-02-07 00:00:00
618,2023-02-07 21:00:00,EWW,56.37491,2023-02-07 00:00:00
619,2023-02-07 21:00:00,XBI,90.023661,2023-02-07 00:00:00
620,2023-02-07 21:00:00,MSFT,267.532563,2023-02-07 00:00:00
621,2023-02-07 21:00:00,AMZN,101.661327,2023-02-07 00:00:00
622,2023-02-07 21:00:00,XLF,36.999412,2023-02-07 00:00:00
623,2023-02-07 21:00:00,NVDA,220.728481,2023-02-07 00:00:00
624,2023-02-07 21:00:00,CS,3.599953,2023-02-07 00:00:00
625,2023-02-07 21:00:00,ASML,679.728429,2023-02-07 00:00:00
626,2023-02-07 21:00:00,NVO,139.408156,2023-02-07 00:00:00
627,2023-02-07 21:00:00,KRE,64.734401,2023-02-07 00:00:00
628,2023-02-07 21:00:00,UBS,21.67244,2023-02-07 00:00:00
629,2023-02-07 21:00:00,TSLA,195.684116,2023-02-07 00:00:00
630,2023-02-08 13:00:00,UVXY,4.895238,2023-02-08 00:00:00
631,2023-02-08 13:00:00,PGR,138.734034,2023-02-08 00:00:00
632,2023-02-08 13:00:00,EWW,56.37491,2023-02-08 00:00:00
633,2023-02-08 13:00:00,XBI,90.12928,2023-02-08 00:00:00
634,2023-02-08 13:00:00,MSFT,271.569093,2023-02-08 00:00:00
635,2023-02-08 13:00:00,AMZN,101.756877,2023-02-08 00:00:00
636,2023-02-08 13:00:00,XLF,36.772268,2023-02-08 00:00:00
637,2023-02-08 13:00:00,CS,3.547928,2023-02-08 00:00:00
638,2023-02-08 13:00:00,ASML,676.562139,2023-02-08 00:00:00
639,2023-02-08 13:00:00,NVO,141.213889,2023-02-08 00:00:00
640,2023-02-08 13:00:00,KRE,64.734401,2023-02-08 00:00:00
641,2023-02-08 13:00:00,UBS,21.82,2023-02-08 00:00:00
642,2023-02-08 13:00:00,NVDA,224.531649,2023-02-08 00:00:00
643,2023-02-08 13:00:00,TSLA,196.979908,2023-02-08 00:00:00
644,2023-02-08 14:00:00,XLF,36.77502,2023-02-08 00:00:00
645,2023-02-08 14:00:00,UVXY,4.90451,2023-02-08 00:00:00
646,2023-02-08 14:00:00,PGR,138.7,2023-02-08 00:00:00
647,2023-02-08 14:00:00,EWW,55.68,2023-02-08 00:00:00
648,2023-02-08 14:00:00,XBI,90.368869,2023-02-08 00:00:00
649,2023-02-08 14:00:00,MSFT,270.837107,2023-02-08 00:00:00
650,2023-02-08 14:00:00,AMZN,101.756285,2023-02-08 00:00:00
651,2023-02-08 14:00:00,NVDA,223.171737,2023-02-08 00:00:00
652,2023-02-08 14:00:00,ASML,674.089467,2023-02-08 00:00:00
653,2023-02-08 14:00:00,NVO,141.21934,2023-02-08 00:00:00
654,2023-02-08 14:00:00,KRE,64.774501,2023-02-08 00:00:00
655,2023-02-08 14:00:00,UBS,21.7,2023-02-08 00:00:00
656,2023-02-08 14:00:00,TSLA,196.285468,2023-02-08 00:00:00
657,2023-02-08 14:00:00,CS,3.55926,2023-02-08 00:00:00
658,2023-02-08 15:00:00,PGR,138.653263,2023-02-08 00:00:00
659,2023-02-08 15:00:00,EWW,56.067065,2023-02-08 00:00:00
660,2023-02-08 15:00:00,XBI,89.639916,2023-02-08 00:00:00
661,2023-02-08 15:00:00,MSFT,274.373493,2023-02-08 00:00:00
662,2023-02-08 15:00:00,AMZN,101.166835,2023-02-08 00:00:00
663,2023-02-08 15:00:00,XLF,36.830884,2023-02-08 00:00:00
664,2023-02-08 15:00:00,UVXY,4.888007,2023-02-08 00:00:00
665,2023-02-08 15:00:00,CS,3.571495,2023-02-08 00:00:00
666,2023-02-08 15:00:00,ASML,671.912396,2023-02-08 00:00:00
667,2023-02-08 15:00:00,NVO,140.491748,2023-02-08 00:00:00
668,2023-02-08 15:00:00,KRE,64.328019,2023-02-08 00:00:00
669,2023-02-08 15:00:00,UBS,21.701876,2023-02-08 00:00:00
670,2023-02-08 15:00:00,TSLA,199.185169,2023-02-08 00:00:00
671,2023-02-08 15:00:00,NVDA,226.179088,2023-02-08 00:00:00
672,2023-02-08 16:00:00,UVXY,4.880954,2023-02-08 00:00:00
673,2023-02-08 16:00:00,PGR,139.084805,2023-02-08 00:00:00
674,2023-02-08 16:00:00,EWW,55.656959,2023-02-08 00:00:00
675,2023-02-08 16:00:00,XBI,89.249891,2023-02-08 00:00:00
676,2023-02-08 16:00:00,MSFT,271.929069,2023-02-08 00:00:00
677,2023-02-08 16:00:00,AMZN,100.465824,2023-02-08 00:00:00
678,2023-02-08 16:00:00,XLF,37.006702,2023-02-08 00:00:00
679,2023-02-08 16:00:00,NVDA,224.181529,2023-02-08 00:00:00
680,2023-02-08 16:00:00,ASML,667.872907,2023-02-08 00:00:00
681,2023-02-08 16:00:00,NVO,140.050213,2023-02-08 00:00:00
682,2023-02-08 16:00:00,KRE,64.463923,2023-02-08 00:00:00
683,2023-02-08 16:00:00,UBS,21.702825,2023-02-08 00:00:00
684,2023-02-08 16:00:00,TSLA,200.781452,2023-02-08 00:00:00
685,2023-02-08 16:00:00,CS,3.57518,2023-02-08 00:00:00
686,2023-02-08 17:00:00,AMZN,99.251558,2023-02-08 00:00:00
687,2023-02-08 17:00:00,PGR,139.402942,2023-02-08 00:00:00
688,2023-02-08 17:00:00,EWW,55.604249,2023-02-08 00:00:00
689,2023-02-08 17:00:00,XBI,88.464989,2023-02-08 00:00:00
690,2023-02-08 17:00:00,MSFT,268.840215,2023-02-08 00:00:00
691,2023-02-08 17:00:00,XLF,36.968245,2023-02-08 00:00:00
692,2023-02-08 17:00:00,UVXY,5.085183,2023-02-08 00:00:00
693,2023-02-08 17:00:00,CS,3.580724,2023-02-08 00:00:00
694,2023-02-08 17:00:00,TSLA,199.463918,2023-02-08 00:00:00
695,2023-02-08 17:00:00,UBS,21.660573,2023-02-08 00:00:00
696,2023-02-08 17:00:00,NVDA,222.506666,2023-02-08 00:00:00
697,2023-02-08 17:00:00,NVO,139.222795,2023-02-08 00:00:00
698,2023-02-08 17:00:00,ASML,664.089945,2023-02-08 00:00:00
699,2023-02-08 17:00:00,KRE,64.275103,2023-02-08 00:00:00
700,2023-02-08 18:00:00,UVXY,5.139289,2023-02-08 00:00:00
701,2023-02-08 18:00:00,PGR,139.5257,2023-02-08 00:00:00
702,2023-02-08 18:00:00,EWW,55.454461,2023-02-08 00:00:00
703,2023-02-08 18:00:00,XBI,88.38383,2023-02-08 00:00:00
704,2023-02-08 18:00:00,MSFT,269.470306,2023-02-08 00:00:00
705,2023-02-08 18:00:00,XLF,36.928864,2023-02-08 00:00:00
706,2023-02-08 18:00:00,AMZN,99.870308,2023-02-08 00:00:00
707,2023-02-08 18:00:00,CS,3.587558,2023-02-08 00:00:00
708,2023-02-08 18:00:00,ASML,665.026956,2023-02-08 00:00:00
709,2023-02-08 18:00:00,NVO,139.666924,2023-02-08 00:00:00
710,2023-02-08 18:00:00,KRE,64.255377,2023-02-08 00:00:00
711,2023-02-08 18:00:00,UBS,21.659698,2023-02-08 00:00:00
712,2023-02-08 18:00:00,TSLA,199.538285,2023-02-08 00:00:00
713,2023-02-08 18:00:00,NVDA,224.37334,2023-02-08 00:00:00
714,2023-02-08 19:00:00,UVXY,5.139945,2023-02-08 00:00:00
715,2023-02-08 19:00:00,PGR,139.637929,2023-02-08 00:00:00
716,2023-02-08 19:00:00,EWW,55.536599,2023-02-08 00:00:00
717,2023-02-08 19:00:00,XBI,88.261091,2023-02-08 00:00:00
718,2023-02-08 19:00:00,MSFT,269.350912,2023-02-08 00:00:00
719,2023-02-08 19:00:00,AMZN,100.068092,2023-02-08 00:00:00
720,2023-02-08 19:00:00,XLF,36.942818,2023-02-08 00:00:00
721,2023-02-08 19:00:00,NVDA,224.417689,2023-02-08 00:00:00
722,2023-02-08 19:00:00,ASML,664.922434,2023-02-08 00:00:00
723,2023-02-08 19:00:00,NVO,139.667718,2023-02-08 00:00:00
724,2023-02-08 19:00:00,KRE,64.272212,2023-02-08 00:00:00
725,2023-02-08 19:00:00,UBS,21.673377,2023-02-08 00:00:00
726,2023-02-08 19:00:00,TSLA,200.86856,2023-02-08 00:00:00
727,2023-02-08 19:00:00,CS,3.588534,2023-02-08 00:00:00
728,2023-02-08 20:00:00,UVXY,5.178516,2023-02-08 00:00:00
729,2023-02-08 20:00:00,PGR,138.916199,2023-02-08 00:00:00
730,2023-02-08 20:00:00,EWW,55.577249,2023-02-08 00:00:00
731,2023-02-08 20:00:00,XBI,87.916461,2023-02-08 00:00:00
732,2023-02-08 20:00:00,MSFT,268.098195,2023-02-08 00:00:00
733,2023-02-08 20:00:00,AMZN,100.080373,2023-02-08 00:00:00
734,2023-02-08 20:00:00,XLF,36.85369,2023-02-08 00:00:00
735,2023-02-08 20:00:00,NVDA,223.036068,2023-02-08 00:00:00
736,2023-02-08 20:00:00,ASML,664.883106,2023-02-08 00:00:00
737,2023-02-08 20:00:00,NVO,139.322208,2023-02-08 00:00:00
738,2023-02-08 20:00:00,KRE,64.078426,2023-02-08 00:00:00
739,2023-02-08 20:00:00,UBS,21.670557,2023-02-08 00:00:00
740,2023-02-08 20:00:00,TSLA,201.778972,2023-02-08 00:00:00
741,2023-02-08 20:00:00,CS,3.593441,2023-02-08 00:00:00
742,2023-02-08 21:00:00,AMZN,100.247957,2023-02-08 00:00:00
743,2023-02-08 21:00:00,PGR,138.485997,2023-02-08 00:00:00
744,2023-02-08 21:00:00,EWW,55.861627,2023-02-08 00:00:00
745,2023-02-08 21:00:00,XBI,87.33759,2023-02-08 00:00:00
746,2023-02-08 21:00:00,MSFT,266.926124,2023-02-08 00:00:00
747,2023-02-08 21:00:00,XLF,36.798543,2023-02-08 00:00:00
748,2023-02-08 21:00:00,UVXY,5.17854,2023-02-08 00:00:00
749,2023-02-08 21:00:00,CS,3.576605,2023-02-08 00:00:00
750,2023-02-08 21:00:00,ASML,663.045263,2023-02-08 00:00:00
751,2023-02-08 21:00:00,NVO,139.386364,2023-02-08 00:00:00
752,2023-02-08 21:00:00,KRE,64.06894,2023-02-08 00:00:00
753,2023-02-08 21:00:00,UBS,21.644314,2023-02-08 00:00:00
754,2023-02-08 21:00:00,TSLA,200.787427,2023-02-08 00:00:00
755,2023-02-08 21:00:00,NVDA,221.782068,2023-02-08 00:00:00
756,2023-02-09 13:00:00,PGR,138.485997,2023-02-09 00:00:00
757,2023-02-09 13:00:00,EWW,55.861627,2023-02-09 00:00:00
758,2023-02-09 13:00:00,XBI,87.838075,2023-02-09 00:00:00
759,2023-02-09 13:00:00,MSFT,271.379765,2023-02-09 00:00:00
760,2023-02-09 13:00:00,AMZN,100.966964,2023-02-09 00:00:00
761,2023-02-09 13:00:00,XLF,36.97332,2023-02-09 00:00:00
762,2023-02-09 13:00:00,UVXY,4.998605,2023-02-09 00:00:00
763,2023-02-09 13:00:00,CS,3.322524,2023-02-09 00:00:00
764,2023-02-09 13:00:00,ASML,678.543771,2023-02-09 00:00:00
765,2023-02-09 13:00:00,NVO,139.75384,2023-02-09 00:00:00
766,2023-02-09 13:00:00,KRE,64.06894,2023-02-09 00:00:00
767,2023-02-09 13:00:00,UBS,21.993666,2023-02-09 00:00:00
768,2023-02-09 13:00:00,TSLA,208.145236,2023-02-09 00:00:00
769,2023-02-09 13:00:00,NVDA,225.604788,2023-02-09 00:00:00
770,2023-02-09 14:00:00,UVXY,4.998011,2023-02-09 00:00:00
771,2023-02-09 14:00:00,PGR,138.37,2023-02-09 00:00:00
772,2023-02-09 14:00:00,EWW,56.59,2023-02-09 00:00:00
773,2023-02-09 14:00:00,XBI,87.888047,2023-02-09 00:00:00
774,2023-02-09 14:00:00,MSFT,271.690458,2023-02-09 00:00:00
775,2023-02-09 14:00:00,AMZN,101.30448,2023-02-09 00:00:00
776,2023-02-09 14:00:00,XLF,36.996452,2023-02-09 00:00:00
777,2023-02-09 14:00:00,NVDA,225.692026,2023-02-09 00:00:00
778,2023-02-09 14:00:00,ASML,677.403544,2023-02-09 00:00:00
779,2023-02-09 14:00:00,NVO,139.523788,2023-02-09 00:00:00
780,2023-02-09 14:00:00,KRE,64.0,2023-02-09 00:00:00
781,2023-02-09 14:00:00,UBS,22.005754,2023-02-09 00:00:00
782,2023-02-09 14:00:00,TSLA,207.685882,2023-02-09 00:00:00
783,2023-02-09 14:00:00,CS,3.321528,2023-02-09 00:00:00
784,2023-02-09 15:00:00,AMZN,101.158945,2023-02-09 00:00:00
785,2023-02-09 15:00:00,UVXY,4.964101,2023-02-09 00:00:00
786,2023-02-09 15:00:00,PGR,138.912732,2023-02-09 00:00:00
787,2023-02-09 15:00:00,EWW,56.332014,2023-02-09 00:00:00
788,2023-02-09 15:00:00,XBI,87.969275,2023-02-09 00:00:00
789,2023-02-09 15:00:00,MSFT,270.550869,2023-02-09 00:00:00
790,2023-02-09 15:00:00,XLF,36.948929,2023-02-09 00:00:00
791,2023-02-09 15:00:00,NVDA,227.398861,2023-02-09 00:00:00
792,2023-02-09 15:00:00,CS,3.214736,2023-02-09 00:00:00
793,2023-02-09 15:00:00,ASML,675.946099,2023-02-09 00:00:00
794,2023-02-09 15:00:00,NVO,139.720665,2023-02-09 00:00:00
795,2023-02-09 15:00:00,KRE,64.30379,2023-02-09 00:00:00
796,2023-02-09 15:00:00,UBS,21.96034,2023-02-09 00:00:00
797,2023-02-09 15:00:00,TSLA,207.440125,2023-02-09 00:00:00
798,2023-02-09 16:00:00,PGR,138.646084,2023-02-09 00:00:00
799,2023-02-09 16:00:00,EWW,56.251642,2023-02-09 00:00:00
800,2023-02-09 16:00:00,XBI,87.898166,2023-02-09 00:00:00
801,2023-02-09 16:00:00,MSFT,271.115577,2023-02-09 00:00:00
802,2023-02-09 16:00:00,AMZN,100.63356,2023-02-09 00:00:00
803,2023-02-09 16:00:00,XLF,36.850455,2023-02-09 00:00:00
804,2023-02-09 16:00:00,UVXY,4.945302,2023-02-09 00:00:00
805,2023-02-09 16:00:00,CS,3.10769,2023-02-09 00:00:00
806,2023-02-09 16:00:00,ASML,679.000467,2023-02-09 00:00:00
807,2023-02-09 16:00:00,NVO,139.878146,2023-02-09 00:00:00
808,2023-02-09 16:00:00,KRE,64.130214,2023-02-09 00:00:00
809,2023-02-09 16:00:00,UBS,21.849908,2023-02-09 00:00:00
810,2023-02-09 16:00:00,TSLA,211.547805,2023-02-09 00:00:00
811,2023-02-09 16:00:00,NVDA,228.258979,2023-02-09 00:00:00
812,2023-02-09 17:00:00,UVXY,5.045822,2023-02-09 00:00:00
813,2023-02-09 17:00:00,PGR,138.397833,2023-02-09 00:00:00
814,2023-02-09 17:00:00,EWW,55.8727,2023-02-09 00:00:00
815,2023-02-09 17:00:00,XBI,87.541557,2023-02-09 00:00:00
816,2023-02-09 17:00:00,MSFT,269.351502,2023-02-09 00:00:00
817,2023-02-09 17:00:00,AMZN,99.551091,2023-02-09 00:00:00
818,2023-02-09 17:00:00,XLF,36.75786,2023-02-09 00:00:00
819,2023-02-09 17:00:00,NVDA,229.19099,2023-02-09 00:00:00
820,2023-02-09 17:00:00,ASML,674.827999,2023-02-09 00:00:00
821,2023-02-09 17:00:00,NVO,139.227996,2023-02-09 00:00:00
822,2023-02-09 17:00:00,KRE,63.762331,2023-02-09 00:00:00
823,2023-02-09 17:00:00,UBS,21.846824,2023-02-09 00:00:00
824,2023-02-09 17:00:00,TSLA,210.52669,2023-02-09 00:00:00
825,2023-02-09 17:00:00,CS,3.056413,2023-02-09 00:00:00
826,2023-02-09 18:00:00,AMZN,99.187087,2023-02-09 00:00:00
827,2023-02-09 18:00:00,PGR,138.13581,2023-02-09 00:00:00
828,2023-02-09 18:00:00,EWW,55.800587,2023-02-09 00:00:00
829,2023-02-09 18:00:00,XBI,87.237054,2023-02-09 00:00:00
830,2023-02-09 18:00:00,MSFT,268.459519,2023-02-09 00:00:00
831,2023-02-09 18:00:00,XLF,36.731132,2023-02-09 00:00:00
832,2023-02-09 18:00:00,UVXY,5.099214,2023-02-09 00:00:00
833,2023-02-09 18:00:00,CS,3.075553,2023-02-09 00:00:00
834,2023-02-09 18:00:00,ASML,676.426987,2023-02-09 00:00:00
835,2023-02-09 18:00:00,NVO,139.194535,2023-02-09 00:00:00
836,2023-02-09 18:00:00,KRE,63.62997,2023-02-09 00:00:00
837,2023-02-09 18:00:00,UBS,21.811414,2023-02-09 00:00:00
838,2023-02-09 18:00:00,TSLA,212.034213,2023-02-09 00:00:00
839,2023-02-09 18:00:00,NVDA,227.413063,2023-02-09 00:00:00
840,2023-02-09 19:00:00,PGR,137.647298,2023-02-09 00:00:00
841,2023-02-09 19:00:00,EWW,55.758378,2023-02-09 00:00:00
842,2023-02-09 19:00:00,XBI,86.90713,2023-02-09 00:00:00
843,2023-02-09 19:00:00,MSFT,266.936937,2023-02-09 00:00:00
844,2023-02-09 19:00:00,AMZN,98.868996,2023-02-09 00:00:00
845,2023-02-09 19:00:00,XLF,36.629717,2023-02-09 00:00:00
846,2023-02-09 19:00:00,UVXY,5.134051,2023-02-09 00:00:00
847,2023-02-09 19:00:00,CS,3.047726,2023-02-09 00:00:00
848,2023-02-09 19:00:00,ASML,674.182711,2023-02-09 00:00:00
849,2023-02-09 19:00:00,NVO,139.304757,2023-02-09 00:00:00
850,2023-02-09 19:00:00,KRE,63.467357,2023-02-09 00:00:00
851,2023-02-09 19:00:00,UBS,21.775735,2023-02-09 00:00:00
852,2023-02-09 19:00:00,TSLA,211.663882,2023-02-09 00:00:00
853,2023-02-09 19:00:00,NVDA,226.370507,2023-02-09 00:00:00
854,2023-02-09 20:00:00,UVXY,5.213104,2023-02-09 00:00:00
855,2023-02-09 20:00:00,PGR,137.445427,2023-02-09 00:00:00
856,2023-02-09 20:00:00,EWW,56.002117,2023-02-09 00:00:00
857,2023-02-09 20:00:00,XBI,86.524775,2023-02-09 00:00:00
858,2023-02-09 20:00:00,MSFT,265.621557,2023-02-09 00:00:00
859,2023-02-09 20:00:00,AMZN,98.574373,2023-02-09 00:00:00
860,2023-02-09 20:00:00,XLF,36.524842,2023-02-09 00:00:00
861,2023-02-09 20:00:00,NVDA,224.915641,2023-02-09 00:00:00
862,2023-02-09 20:00:00,ASML,670.288565,2023-02-09 00:00:00
863,2023-02-09 20:00:00,NVO,139.334652,2023-02-09 00:00:00
864,2023-02-09 20:00:00,KRE,63.347486,2023-02-09 00:00:00
865,2023-02-09 20:00:00,UBS,21.737576,2023-02-09 00:00:00
866,2023-02-09 20:00:00,TSLA,210.607006,2023-02-09 00:00:00
867,2023-02-09 20:00:00,CS,3.029522,2023-02-09 00:00:00
868,2023-02-09 21:00:00,AMZN,98.185341,2023-02-09 00:00:00
869,2023-02-09 21:00:00,PGR,137.497579,2023-02-09 00:00:00
870,2023-02-09 21:00:00,EWW,56.091128,2023-02-09 00:00:00
871,2023-02-09 21:00:00,XBI,86.197257,2023-02-09 00:00:00
872,2023-02-09 21:00:00,MSFT,263.936484,2023-02-09 00:00:00
873,2023-02-09 21:00:00,XLF,36.384877,2023-02-09 00:00:00
874,2023-02-09 21:00:00,UVXY,5.302761,2023-02-09 00:00:00
875,2023-02-09 21:00:00,CS,3.017839,2023-02-09 00:00:00
876,2023-02-09 21:00:00,TSLA,207.318501,2023-02-09 00:00:00
877,2023-02-09 21:00:00,UBS,21.66002,2023-02-09 00:00:00
878,2023-02-09 21:00:00,NVDA,223.012873,2023-02-09 00:00:00
879,2023-02-09 21:00:00,NVO,139.320923,2023-02-09 00:00:00
880,2023-02-09 21:00:00,ASML,665.072287,2023-02-09 00:00:00
881,2023-02-09 21:00:00,KRE,63.165634,2023-02-09 00:00:00
882,2023-02-10 13:00:00,UVXY,5.577458,2023-02-10 00:00:00
883,2023-02-10 13:00:00,PGR,137.497579,2023-02-10 00:00:00
884,2023-02-10 13:00:00,EWW,56.091128,2023-02-10 00:00:00
885,2023-02-10 13:00:00,XBI,85.509425,2023-02-10 00:00:00
886,2023-02-10 13:00:00,MSFT,260.012828,2023-02-10 00:00:00
887,2023-02-10 13:00:00,XLF,36.135216,2023-02-10 00:00:00
888,2023-02-10 13:00:00,AMZN,97.24129,2023-02-10 00:00:00
889,2023-02-10 13:00:00,CS,3.104039,2023-02-10 00:00:00
890,2023-02-10 13:00:00,ASML,650.219142,2023-02-10 00:00:00
891,2023-02-10 13:00:00,NVO,137.399899,2023-02-10 00:00:00
892,2023-02-10 13:00:00,KRE,63.165634,2023-02-10 00:00:00
893,2023-02-10 13:00:00,UBS,21.68,2023-02-10 00:00:00
894,2023-02-10 13:00:00,TSLA,203.030199,2023-02-10 00:00:00
895,2023-02-10 13:00:00,NVDA,217.905013,2023-02-10 00:00:00
896,2023-02-10 14:00:00,UVXY,5.526838,2023-02-10 00:00:00
897,2023-02-10 14:00:00,PGR,137.179995,2023-02-10 00:00:00
898,2023-02-10 14:00:00,EWW,56.090428,2023-02-10 00:00:00
899,2023-02-10 14:00:00,XBI,85.4665,2023-02-10 00:00:00
900,2023-02-10 14:00:00,MSFT,260.707884,2023-02-10 00:00:00
901,2023-02-10 14:00:00,AMZN,97.504721,2023-02-10 00:00:00
902,2023-02-10 14:00:00,XLF,36.269813,2023-02-10 00:00:00
903,2023-02-10 14:00:00,NVDA,218.498314,2023-02-10 00:00:00
904,2023-02-10 14:00:00,ASML,651.489565,2023-02-10 00:00:00
905,2023-02-10 14:00:00,NVO,137.821158,2023-02-10 00:00:00
906,2023-02-10 14:00:00,KRE,63.033346,2023-02-10 00:00:00
907,2023-02-10 14:00:00,UBS,21.47,2023-02-10 00:00:00
908,2023-02-10 14:00:00,TSLA,203.69573,2023-02-10 00:00:00
909,2023-02-10 14:00:00,CS,3.098526,2023-02-10 00:00:00
910,2023-02-10 15:00:00,UVXY,5.489159,2023-02-10 00:00:00
911,2023-02-10 15:00:00,PGR,137.491996,2023-02-10 00:00:00
912,2023-02-10 15:00:00,EWW,56.158546,2023-02-10 00:00:00
913,2023-02-10 15:00:00,XBI,85.29734,2023-02-10 00:00:00
914,2023-02-10 15:00:00,MSFT,262.502464,2023-02-10 00:00:00
915,2023-02-10 15:00:00,AMZN,97.744472,2023-02-10 00:00:00
916,2023-02-10 15:00:00,XLF,36.180406,2023-02-10 00:00:00
917,2023-02-10 15:00:00,NVDA,217.525828,2023-02-10 00:00:00
918,2023-02-10 15:00:00,ASML,653.340472,2023-02-10 00:00:00
919,2023-02-10 15:00:00,NVO,138.914202,2023-02-10 00:00:00
920,2023-02-10 15:00:00,KRE,62.934278,2023-02-10 00:00:00
921,2023-02-10 15:00:00,UBS,21.554496,2023-02-10 00:00:00
922,2023-02-10 15:00:00,TSLA,202.226445,2023-02-10 00:00:00
923,2023-02-10 15:00:00,CS,3.121282,2023-02-10 00:00:00
924,2023-02-10 16:00:00,AMZN,98.056243,2023-02-10 00:00:00
925,2023-02-10 16:00:00,PGR,137.830192,2023-02-10 00:00:00
926,2023-02-10 16:00:00,EWW,56.292444,2023-02-10 00:00:00
927,2023-02-10 16:00:00,XBI,85.686765,2023-02-10 00:00:00
928,2023-02-10 16:00:00,MSFT,262.645562,2023-02-10 00:00:00
929,2023-02-10 16:00:00,XLF,36.22863,2023-02-10 00:00:00
930,2023-02-10 16:00:00,UVXY,5.505291,2023-02-10 00:00:00
931,2023-02-10 16:00:00,CS,3.155173,2023-02-10 00:00:00
932,2023-02-10 16:00:00,TSLA,199.30848,2023-02-10 00:00:00
933,2023-02-10 16:00:00,UBS,21.53321,2023-02-10 00:00:00
934,2023-02-10 16:00:00,NVDA,215.086258,2023-02-10 00:00:00
935,2023-02-10 16:00:00,NVO,138.743775,2023-02-10 00:00:00
936,2023-02-10 16:00:00,ASML,652.975812,2023-02-10 00:00:00
937,2023-02-10 16:00:00,KRE,62.892255,2023-02-10 00:00:00
938,2023-02-10 17:00:00,UVXY,5.558467,2023-02-10 00:00:00
939,2023-02-10 17:00:00,PGR,138.465351,2023-02-10 00:00:00
940,2023-02-10 17:00:00,EWW,56.159433,2023-02-10 00:00:00
941,2023-02-10 17:00:00,XBI,85.602628,2023-02-10 00:00:00
942,2023-02-10 17:00:00,MSFT,262.346252,2023-02-10 00:00:00
943,2023-02-10 17:00:00,XLF,36.349989,2023-02-10 00:00:00
944,2023-02-10 17:00:00,AMZN,97.472873,2023-02-10 00:00:00
945,2023-02-10 17:00:00,CS,3.158704,2023-02-10 00:00:00
946,2023-02-10 17:00:00,ASML,653.15658,2023-02-10 00:00:00
947,2023-02-10 17:00:00,NVO,139.261986,2023-02-10 00:00:00
948,2023-02-10 17:00:00,KRE,62.85427,2023-02-10 00:00:00
949,2023-02-10 17:00:00,UBS,21.569323,2023-02-10 00:00:00
950,2023-02-10 17:00:00,TSLA,197.891896,2023-02-10 00:00:00
951,2023-02-10 17:00:00,NVDA,212.132722,2023-02-10 00:00:00
952,2023-02-10 18:00:00,AMZN,96.54801,2023-02-10 00:00:00
953,2023-02-10 18:00:00,UVXY,5.605304,2023-02-10 00:00:00
954,2023-02-10 18:00:00,PGR,138.404922,2023-02-10 00:00:00
955,2023-02-10 18:00:00,EWW,55.85918,2023-02-10 00:00:00
956,2023-02-10 18:00:00,XBI,85.43533,2023-02-10 00:00:00
957,2023-02-10 18:00:00,MSFT,261.174698,2023-02-10 00:00:00
958,2023-02-10 18:00:00,XLF,36.304919,2023-02-10 00:00:00
959,2023-02-10 18:00:00,UBS,21.51758,2023-02-10 00:00:00
960,2023-02-10 18:00:00,CS,3.128405,2023-02-10 00:00:00
961,2023-02-10 18:00:00,ASML,650.833357,2023-02-10 00:00:00
962,2023-02-10 18:00:00,NVO,139.582171,2023-02-10 00:00:00
963,2023-02-10 18:00:00,KRE,62.760393,2023-02-10 00:00:00
964,2023-02-10 18:00:00,TSLA,194.823722,2023-02-10 00:00:00
965,2023-02-10 18:00:00,NVDA,209.656211,2023-02-10 00:00:00
966,2023-02-10 19:00:00,AMZN,97.302599,2023-02-10 00:00:00
967,2023-02-10 19:00:00,PGR,139.032442,2023-02-10 00:00:00
968,2023-02-10 19:00:00,EWW,55.966646,2023-02-10 00:00:00
969,2023-02-10 19:00:00,XBI,85.684164,2023-02-10 00:00:00
970,2023-02-10 19:00:00,MSFT,261.962729,2023-02-10 00:00:00
971,2023-02-10 19:00:00,XLF,36.393398,2023-02-10 00:00:00
972,2023-02-10 19:00:00,UVXY,5.504869,2023-02-10 00:00:00
973,2023-02-10 19:00:00,CS,3.151444,2023-02-10 00:00:00
974,2023-02-10 19:00:00,ASML,653.420735,2023-02-10 00:00:00
975,2023-02-10 19:00:00,NVO,139.803495,2023-02-10 00:00:00
976,2023-02-10 19:00:00,KRE,62.970735,2023-02-10 00:00:00
977,2023-02-10 19:00:00,UBS,21.571795,2023-02-10 00:00:00
978,2023-02-10 19:00:00,TSLA,196.274579,2023-02-10 00:00:00
979,2023-02-10 19:00:00,NVDA,211.908243,2023-02-10 00:00:00
980,2023-02-10 20:00:00,UVXY,5.497573,2023-02-10 00:00:00
981,2023-02-10 20:00:00,PGR,138.688776,2023-02-10 00:00:00
982,2023-02-10 20:00:00,EWW,56.048454,2023-02-10 00:00:00
983,2023-02-10 20:00:00,XBI,85.683835,2023-02-10 00:00:00
984,2023-02-10 20:00:00,MSFT,261.737322,2023-02-10 00:00:00
985,2023-02-10 20:00:00,AMZN,97.158536,2023-02-10 00:00:00
986,2023-02-10 20:00:00,XLF,36.359978,2023-02-10 00:00:00
987,2023-02-10 20:00:00,UBS,21.52813,2023-02-10 00:00:00
988,2023-02-10 20:00:00,CS,3.144296,2023-02-10 00:00:00
989,2023-02-10 20:00:00,ASML,652.406083,2023-02-10 00:00:00
990,2023-02-10 20:00:00,NVO,139.577198,2023-02-10 00:00:00
991,2023-02-10 20:00:00,KRE,62.849823,2023-02-10 00:00:00
992,2023-02-10 20:00:00,NVDA,210.536728,2023-02-10 00:00:00
993,2023-02-10 20:00:00,TSLA,196.152207,2023-02-10 00:00:00
994,2023-02-10 21:00:00,UVXY,5.403295,2023-02-10 00:00:00
995,2023-02-10 21:00:00,PGR,138.722012,2023-02-10 00:00:00
996,2023-02-10 21:00:00,EWW,56.22629,2023-02-10 00:00:00
997,2023-02-10 21:00:00,XBI,85.692013,2023-02-10 00:00:00
998,2023-02-10 21:00:00,MSFT,262.534532,2023-02-10 00:00:00
999,2023-02-10 21:00:00,AMZN,97.500989,2023-02-10 00:00:00
1000,2023-02-10 21:00:00,XLF,36.457199,2023-02-10 00:00:00
1001,2023-02-10 21:00:00,NVDA,212.143652,2023-02-10 00:00:00
1002,2023-02-10 21:00:00,CS,3.143174,2023-02-10 00:00:00
1003,2023-02-10 21:00:00,ASML,655.228547,2023-02-10 00:00:00
1004,2023-02-10 21:00:00,NVO,139.548094,2023-02-10 00:00:00
1005,2023-02-10 21:00:00,KRE,63.014022,2023-02-10 00:00:00
1006,2023-02-10 21:00:00,UBS,21.568921,2023-02-10 00:00:00
1007,2023-02-10 21:00:00,TSLA,196.633066,2023-02-10 00:00:00
1008,2023-02-11 13:00:00,UVXY,5.403295,2023-02-11 00:00:00
1009,2023-02-11 13:00:00,PGR,138.722012,2023-02-11 00:00:00
1010,2023-02-11 13:00:00,EWW,56.22629,2023-02-11 00:00:00
1011,2023-02-11 13:00:00,XBI,85.692013,2023-02-11 00:00:00
1012,2023-02-11 13:00:00,MSFT,262.534532,2023-02-11 00:00:00
1013,2023-02-11 13:00:00,AMZN,97.500989,2023-02-11 00:00:00
1014,2023-02-11 13:00:00,XLF,36.457199,2023-02-11 00:00:00
1015,2023-02-11 13:00:00,CS,3.143174,2023-02-11 00:00:00
1016,2023-02-11 13:00:00,ASML,655.228547,2023-02-11 00:00:00
1017,2023-02-11 13:00:00,NVO,139.548094,2023-02-11 00:00:00
1018,2023-02-11 13:00:00,KRE,63.014022,2023-02-11 00:00:00
1019,2023-02-11 13:00:00,UBS,21.568921,2023-02-11 00:00:00
1020,2023-02-11 13:00:00,NVDA,212.143652,2023-02-11 00:00:00
1021,2023-02-11 13:00:00,TSLA,196.633066,2023-02-11 00:00:00
1022,2023-02-11 14:00:00,XLF,36.457199,2023-02-11 00:00:00
1023,2023-02-11 14:00:00,UVXY,5.403295,2023-02-11 00:00:00
1024,2023-02-11 14:00:00,PGR,138.722012,2023-02-11 00:00:00
1025,2023-02-11 14:00:00,EWW,56.22629,2023-02-11 00:00:00
1026,2023-02-11 14:00:00,XBI,85.692013,2023-02-11 00:00:00
1027,2023-02-11 14:00:00,MSFT,262.534532,2023-02-11 00:00:00
1028,2023-02-11 14:00:00,AMZN,97.500989,2023-02-11 00:00:00
1029,2023-02-11 14:00:00,NVDA,212.143652,2023-02-11 00:00:00
1030,2023-02-11 14:00:00,ASML,655.228547,2023-02-11 00:00:00
1031,2023-02-11 14:00:00,NVO,139.548094,2023-02-11 00:00:00
1032,2023-02-11 14:00:00,KRE,63.014022,2023-02-11 00:00:00
1033,2023-02-11 14:00:00,UBS,21.568921,2023-02-11 00:00:00
1034,2023-02-11 14:00:00,TSLA,196.633066,2023-02-11 00:00:00
1035,2023-02-11 14:00:00,CS,3.143174,2023-02-11 00:00:00
1036,2023-02-11 15:00:00,PGR,138.722012,2023-02-11 00:00:00
1037,2023-02-11 15:00:00,EWW,56.22629,2023-02-11 00:00:00
1038,2023-02-11 15:00:00,XBI,85.692013,2023-02-11 00:00:00
1039,2023-02-11 15:00:00,MSFT,262.534532,2023-02-11 00:00:00
1040,2023-02-11 15:00:00,AMZN,97.500989,2023-02-11 00:00:00
1041,2023-02-11 15:00:00,XLF,36.457199,2023-02-11 00:00:00
1042,2023-02-11 15:00:00,UVXY,5.403295,2023-02-11 00:00:00
1043,2023-02-11 15:00:00,CS,3.143174,2023-02-11 00:00:00
1044,2023-02-11 15:00:00,ASML,655.228547,2023-02-11 00:00:00
1045,2023-02-11 15:00:00,NVO,139.548094,2023-02-11 00:00:00
1046,2023-02-11 15:00:00,KRE,63.014022,2023-02-11 00:00:00
1047,2023-02-11 15:00:00,UBS,21.568921,2023-02-11 00:00:00
1048,2023-02-11 15:00:00,TSLA,196.633066,2023-02-11 00:00:00
1049,2023-02-11 15:00:00,NVDA,212.143652,2023-02-11 00:00:00
1050,2023-02-11 16:00:00,UVXY,5.403295,2023-02-11 00:00:00
1051,2023-02-11 16:00:00,PGR,138.722012,2023-02-11 00:00:00
1052,2023-02-11 16:00:00,EWW,56.22629,2023-02-11 00:00:00
1053,2023-02-11 16:00:00,XBI,85.692013,2023-02-11 00:00:00
1054,2023-02-11 16:00:00,MSFT,262.534532,2023-02-11 00:00:00
1055,2023-02-11 16:00:00,AMZN,97.500989,2023-02-11 00:00:00
1056,2023-02-11 16:00:00,XLF,36.457199,2023-02-11 00:00:00
1057,2023-02-11 16:00:00,NVDA,212.143652,2023-02-11 00:00:00
1058,2023-02-11 16:00:00,ASML,655.228547,2023-02-11 00:00:00
1059,2023-02-11 16:00:00,NVO,139.548094,2023-02-11 00:00:00
1060,2023-02-11 16:00:00,KRE,63.014022,2023-02-11 00:00:00
1061,2023-02-11 16:00:00,UBS,21.568921,2023-02-11 00:00:00
1062,2023-02-11 16:00:00,TSLA,196.633066,2023-02-11 00:00:00
1063,2023-02-11 16:00:00,CS,3.143174,2023-02-11 00:00:00
1064,2023-02-11 17:00:00,AMZN,97.500989,2023-02-11 00:00:00
1065,2023-02-11 17:00:00,PGR,138.722012,2023-02-11 00:00:00
1066,2023-02-11 17:00:00,EWW,56.22629,2023-02-11 00:00:00
1067,2023-02-11 17:00:00,XBI,85.692013,2023-02-11 00:00:00
1068,2023-02-11 17:00:00,MSFT,262.534532,2023-02-11 00:00:00
1069,2023-02-11 17:00:00,XLF,36.457199,2023-02-11 00:00:00
1070,2023-02-11 17:00:00,UVXY,5.403295,2023-02-11 00:00:00
1071,2023-02-11 17:00:00,CS,3.143174,2023-02-11 00:00:00
1072,2023-02-11 17:00:00,TSLA,196.633066,2023-02-11 00:00:00
1073,2023-02-11 17:00:00,UBS,21.568921,2023-02-11 00:00:00
1074,2023-02-11 17:00:00,NVDA,212.143652,2023-02-11 00:00:00
1075,2023-02-11 17:00:00,NVO,139.548094,2023-02-11 00:00:00
1076,2023-02-11 17:00:00,ASML,655.228547,2023-02-11 00:00:00
1077,2023-02-11 17:00:00,KRE,63.014022,2023-02-11 00:00:00
1078,2023-02-11 18:00:00,UVXY,5.403295,2023-02-11 00:00:00
1079,2023-02-11 18:00:00,PGR,138.722012,2023-02-11 00:00:00
1080,2023-02-11 18:00:00,EWW,56.22629,2023-02-11 00:00:00
1081,2023-02-11 18:00:00,XBI,85.692013,2023-02-11 00:00:00
1082,2023-02-11 18:00:00,MSFT,262.534532,2023-02-11 00:00:00
1083,2023-02-11 18:00:00,XLF,36.457199,2023-02-11 00:00:00
1084,2023-02-11 18:00:00,AMZN,97.500989,2023-02-11 00:00:00
1085,2023-02-11 18:00:00,CS,3.143174,2023-02-11 00:00:00
1086,2023-02-11 18:00:00,ASML,655.228547,2023-02-11 00:00:00
1087,2023-02-11 18:00:00,NVO,139.548094,2023-02-11 00:00:00
1088,2023-02-11 18:00:00,KRE,63.014022,2023-02-11 00:00:00
1089,2023-02-11 18:00:00,UBS,21.568921,2023-02-11 00:00:00
1090,2023-02-11 18:00:00,TSLA,196.633066,2023-02-11 00:00:00
1091,2023-02-11 18:00:00,NVDA,212.143652,2023-02-11 00:00:00
1092,2023-02-11 19:00:00,UVXY,5.403295,2023-02-11 00:00:00
1093,2023-02-11 19:00:00,PGR,138.722012,2023-02-11 00:00:00
1094,2023-02-11 19:00:00,EWW,56.22629,2023-02-11 00:00:00
1095,2023-02-11 19:00:00,XBI,85.692013,2023-02-11 00:00:00
1096,2023-02-11 19:00:00,MSFT,262.534532,2023-02-11 00:00:00
1097,2023-02-11 19:00:00,AMZN,97.500989,2023-02-11 00:00:00
1098,2023-02-11 19:00:00,XLF,36.457199,2023-02-11 00:00:00
1099,2023-02-11 19:00:00,NVDA,212.143652,2023-02-11 00:00:00
1100,2023-02-11 19:00:00,ASML,655.228547,2023-02-11 00:00:00
1101,2023-02-11 19:00:00,NVO,139.548094,2023-02-11 00:00:00
1102,2023-02-11 19:00:00,KRE,63.014022,2023-02-11 00:00:00
1103,2023-02-11 19:00:00,UBS,21.568921,2023-02-11 00:00:00
1104,2023-02-11 19:00:00,TSLA,196.633066,2023-02-11 00:00:00
1105,2023-02-11 19:00:00,CS,3.143174,2023-02-11 00:00:00
1106,2023-02-11 20:00:00,UVXY,5.403295,2023-02-11 00:00:00
1107,2023-02-11 20:00:00,PGR,138.722012,2023-02-11 00:00:00
1108,2023-02-11 20:00:00,EWW,56.22629,2023-02-11 00:00:00
1109,2023-02-11 20:00:00,XBI,85.692013,2023-02-11 00:00:00
1110,2023-02-11 20:00:00,MSFT,262.534532,2023-02-11 00:00:00
1111,2023-02-11 20:00:00,AMZN,97.500989,2023-02-11 00:00:00
1112,2023-02-11 20:00:00,XLF,36.457199,2023-02-11 00:00:00
1113,2023-02-11 20:00:00,NVDA,212.143652,2023-02-11 00:00:00
1114,2023-02-11 20:00:00,ASML,655.228547,2023-02-11 00:00:00
1115,2023-02-11 20:00:00,NVO,139.548094,2023-02-11 00:00:00
1116,2023-02-11 20:00:00,KRE,63.014022,2023-02-11 00:00:00
1117,2023-02-11 20:00:00,UBS,21.568921,2023-02-11 00:00:00
1118,2023-02-11 20:00:00,TSLA,196.633066,2023-02-11 00:00:00
1119,2023-02-11 20:00:00,CS,3.143174,2023-02-11 00:00:00
1120,2023-02-11 21:00:00,AMZN,97.500989,2023-02-11 00:00:00
1121,2023-02-11 21:00:00,PGR,138.722012,2023-02-11 00:00:00
1122,2023-02-11 21:00:00,EWW,56.22629,2023-02-11 00:00:00
1123,2023-02-11 21:00:00,UVXY,5.403295,2023-02-11 00:00:00
1124,2023-02-11 21:00:00,MSFT,262.534532,2023-02-11 00:00:00
1125,2023-02-11 21:00:00,XLF,36.457199,2023-02-11 00:00:00
1126,2023-02-11 21:00:00,XBI,85.692013,2023-02-11 00:00:00
1127,2023-02-11 21:00:00,CS,3.143174,2023-02-11 00:00:00
1128,2023-02-11 21:00:00,ASML,655.228547,2023-02-11 00:00:00
1129,2023-02-11 21:00:00,NVO,139.548094,2023-02-11 00:00:00
1130,2023-02-11 21:00:00,KRE,63.014022,2023-02-11 00:00:00
1131,2023-02-11 21:00:00,UBS,21.568921,2023-02-11 00:00:00
1132,2023-02-11 21:00:00,TSLA,196.633066,2023-02-11 00:00:00
1133,2023-02-11 21:00:00,NVDA,212.143652,2023-02-11 00:00:00
1134,2023-02-12 13:00:00,PGR,138.722012,2023-02-12 00:00:00
1135,2023-02-12 13:00:00,EWW,56.22629,2023-02-12 00:00:00
1136,2023-02-12 13:00:00,XBI,85.692013,2023-02-12 00:00:00
1137,2023-02-12 13:00:00,MSFT,262.534532,2023-02-12 00:00:00
1138,2023-02-12 13:00:00,AMZN,97.500989,2023-02-12 00:00:00
1139,2023-02-12 13:00:00,XLF,36.457199,2023-02-12 00:00:00
1140,2023-02-12 13:00:00,UVXY,5.403295,2023-02-12 00:00:00
1141,2023-02-12 13:00:00,CS,3.143174,2023-02-12 00:00:00
1142,2023-02-12 13:00:00,ASML,655.228547,2023-02-12 00:00:00
1143,2023-02-12 13:00:00,NVO,139.548094,2023-02-12 00:00:00
1144,2023-02-12 13:00:00,KRE,63.014022,2023-02-12 00:00:00
1145,2023-02-12 13:00:00,UBS,21.568921,2023-02-12 00:00:00
1146,2023-02-12 13:00:00,TSLA,196.633066,2023-02-12 00:00:00
1147,2023-02-12 13:00:00,NVDA,212.143652,2023-02-12 00:00:00
1148,2023-02-12 14:00:00,UVXY,5.403295,2023-02-12 00:00:00
1149,2023-02-12 14:00:00,PGR,138.722012,2023-02-12 00:00:00
1150,2023-02-12 14:00:00,EWW,56.22629,2023-02-12 00:00:00
1151,2023-02-12 14:00:00,XBI,85.692013,2023-02-12 00:00:00
1152,2023-02-12 14:00:00,MSFT,262.534532,2023-02-12 00:00:00
1153,2023-02-12 14:00:00,AMZN,97.500989,2023-02-12 00:00:00
1154,2023-02-12 14:00:00,XLF,36.457199,2023-02-12 00:00:00
1155,2023-02-12 14:00:00,NVDA,212.143652,2023-02-12 00:00:00
1156,2023-02-12 14:00:00,ASML,655.228547,2023-02-12 00:00:00
1157,2023-02-12 14:00:00,NVO,139.548094,2023-02-12 00:00:00
1158,2023-02-12 14:00:00,KRE,63.014022,2023-02-12 00:00:00
1159,2023-02-12 14:00:00,UBS,21.568921,2023-02-12 00:00:00
1160,2023-02-12 14:00:00,TSLA,196.633066,2023-02-12 00:00:00
1161,2023-02-12 14:00:00,CS,3.143174,2023-02-12 00:00:00
1162,2023-02-12 15:00:00,AMZN,97.500989,2023-02-12 00:00:00
1163,2023-02-12 15:00:00,PGR,138.722012,2023-02-12 00:00:00
1164,2023-02-12 15:00:00,EWW,56.22629,2023-02-12 00:00:00
1165,2023-02-12 15:00:00,XBI,85.692013,2023-02-12 00:00:00
1166,2023-02-12 15:00:00,MSFT,262.534532,2023-02-12 00:00:00
1167,2023-02-12 15:00:00,XLF,36.457199,2023-02-12 00:00:00
1168,2023-02-12 15:00:00,UVXY,5.403295,2023-02-12 00:00:00
1169,2023-02-12 15:00:00,CS,3.143174,2023-02-12 00:00:00
1170,2023-02-12 15:00:00,TSLA,196.633066,2023-02-12 00:00:00
1171,2023-02-12 15:00:00,UBS,21.568921,2023-02-12 00:00:00
1172,2023-02-12 15:00:00,NVDA,212.143652,2023-02-12 00:00:00
1173,2023-02-12 15:00:00,NVO,139.548094,2023-02-12 00:00:00
1174,2023-02-12 15:00:00,ASML,655.228547,2023-02-12 00:00:00
1175,2023-02-12 15:00:00,KRE,63.014022,2023-02-12 00:00:00
1176,2023-02-12 16:00:00,UVXY,5.403295,2023-02-12 00:00:00
1177,2023-02-12 16:00:00,PGR,138.722012,2023-02-12 00:00:00
1178,2023-02-12 16:00:00,EWW,56.22629,2023-02-12 00:00:00
1179,2023-02-12 16:00:00,XBI,85.692013,2023-02-12 00:00:00
1180,2023-02-12 16:00:00,MSFT,262.534532,2023-02-12 00:00:00
1181,2023-02-12 16:00:00,XLF,36.457199,2023-02-12 00:00:00
1182,2023-02-12 16:00:00,AMZN,97.500989,2023-02-12 00:00:00
1183,2023-02-12 16:00:00,CS,3.143174,2023-02-12 00:00:00
1184,2023-02-12 16:00:00,ASML,655.228547,2023-02-12 00:00:00
1185,2023-02-12 16:00:00,NVO,139.548094,2023-02-12 00:00:00
1186,2023-02-12 16:00:00,KRE,63.014022,2023-02-12 00:00:00
1187,2023-02-12 16:00:00,UBS,21.568921,2023-02-12 00:00:00
1188,2023-02-12 16:00:00,TSLA,196.633066,2023-02-12 00:00:00
1189,2023-02-12 16:00:00,NVDA,212.143652,2023-02-12 00:00:00
1190,2023-02-12 17:00:00,UVXY,5.403295,2023-02-12 00:00:00
1191,2023-02-12 17:00:00,PGR,138.722012,2023-02-12 00:00:00
1192,2023-02-12 17:00:00,EWW,56.22629,2023-02-12 00:00:00
1193,2023-02-12 17:00:00,XBI,85.692013,2023-02-12 00:00:00
1194,2023-02-12 17:00:00,MSFT,262.534532,2023-02-12 00:00:00
1195,2023-02-12 17:00:00,AMZN,97.500989,2023-02-12 00:00:00
1196,2023-02-12 17:00:00,XLF,36.457199,2023-02-12 00:00:00
1197,2023-02-12 17:00:00,NVDA,212.143652,2023-02-12 00:00:00
1198,2023-02-12 17:00:00,ASML,655.228547,2023-02-12 00:00:00
1199,2023-02-12 17:00:00,NVO,139.548094,2023-02-12 00:00:00
1200,2023-02-12 17:00:00,KRE,63.014022,2023-02-12 00:00:00
1201,2023-02-12 17:00:00,UBS,21.568921,2023-02-12 00:00:00
1202,2023-02-12 17:00:00,TSLA,196.633066,2023-02-12 00:00:00
1203,2023-02-12 17:00:00,CS,3.143174,2023-02-12 00:00:00
1204,2023-02-12 18:00:00,UVXY,5.403295,2023-02-12 00:00:00
1205,2023-02-12 18:00:00,PGR,138.722012,2023-02-12 00:00:00
1206,2023-02-12 18:00:00,EWW,56.22629,2023-02-12 00:00:00
1207,2023-02-12 18:00:00,XBI,85.692013,2023-02-12 00:00:00
1208,2023-02-12 18:00:00,MSFT,262.534532,2023-02-12 00:00:00
1209,2023-02-12 18:00:00,AMZN,97.500989,2023-02-12 00:00:00
1210,2023-02-12 18:00:00,XLF,36.457199,2023-02-12 00:00:00
1211,2023-02-12 18:00:00,CS,3.143174,2023-02-12 00:00:00
1212,2023-02-12 18:00:00,ASML,655.228547,2023-02-12 00:00:00
1213,2023-02-12 18:00:00,NVO,139.548094,2023-02-12 00:00:00
1214,2023-02-12 18:00:00,KRE,63.014022,2023-02-12 00:00:00
1215,2023-02-12 18:00:00,UBS,21.568921,2023-02-12 00:00:00
1216,2023-02-12 18:00:00,TSLA,196.633066,2023-02-12 00:00:00
1217,2023-02-12 18:00:00,NVDA,212.143652,2023-02-12 00:00:00
1218,2023-02-12 19:00:00,AMZN,97.500989,2023-02-12 00:00:00
1219,2023-02-12 19:00:00,UVXY,5.403295,2023-02-12 00:00:00
1220,2023-02-12 19:00:00,PGR,138.722012,2023-02-12 00:00:00
1221,2023-02-12 19:00:00,EWW,56.22629,2023-02-12 00:00:00
1222,2023-02-12 19:00:00,XBI,85.692013,2023-02-12 00:00:00
1223,2023-02-12 19:00:00,MSFT,262.534532,2023-02-12 00:00:00
1224,2023-02-12 19:00:00,XLF,36.457199,2023-02-12 00:00:00
1225,2023-02-12 19:00:00,NVDA,212.143652,2023-02-12 00:00:00
1226,2023-02-12 19:00:00,CS,3.143174,2023-02-12 00:00:00
1227,2023-02-12 19:00:00,ASML,655.228547,2023-02-12 00:00:00
1228,2023-02-12 19:00:00,NVO,139.548094,2023-02-12 00:00:00
1229,2023-02-12 19:00:00,KRE,63.014022,2023-02-12 00:00:00
1230,2023-02-12 19:00:00,UBS,21.568921,2023-02-12 00:00:00
1231,2023-02-12 19:00:00,TSLA,196.633066,2023-02-12 00:00:00
1232,2023-02-12 20:00:00,UVXY,5.403295,2023-02-12 00:00:00
1233,2023-02-12 20:00:00,PGR,138.722012,2023-02-12 00:00:00
1234,2023-02-12 20:00:00,EWW,56.22629,2023-02-12 00:00:00
1235,2023-02-12 20:00:00,XBI,85.692013,2023-02-12 00:00:00
1236,2023-02-12 20:00:00,MSFT,262.534532,2023-02-12 00:00:00
1237,2023-02-12 20:00:00,AMZN,97.500989,2023-02-12 00:00:00
1238,2023-02-12 20:00:00,XLF,36.457199,2023-02-12 00:00:00
1239,2023-02-12 20:00:00,NVDA,212.143652,2023-02-12 00:00:00
1240,2023-02-12 20:00:00,CS,3.143174,2023-02-12 00:00:00
1241,2023-02-12 20:00:00,ASML,655.228547,2023-02-12 00:00:00
1242,2023-02-12 20:00:00,NVO,139.548094,2023-02-12 00:00:00
1243,2023-02-12 20:00:00,KRE,63.014022,2023-02-12 00:00:00
1244,2023-02-12 20:00:00,UBS,21.568921,2023-02-12 00:00:00
1245,2023-02-12 20:00:00,TSLA,196.633066,2023-02-12 00:00:00
1246,2023-02-12 21:00:00,UVXY,5.403295,2023-02-12 00:00:00
1247,2023-02-12 21:00:00,PGR,138.722012,2023-02-12 00:00:00
1248,2023-02-12 21:00:00,EWW,56.22629,2023-02-12 00:00:00
1249,2023-02-12 21:00:00,XBI,85.692013,2023-02-12 00:00:00
1250,2023-02-12 21:00:00,MSFT,262.534532,2023-02-12 00:00:00
1251,2023-02-12 21:00:00,AMZN,97.500989,2023-02-12 00:00:00
1252,2023-02-12 21:00:00,XLF,36.457199,2023-02-12 00:00:00
1253,2023-02-12 21:00:00,CS,3.143174,2023-02-12 00:00:00
1254,2023-02-12 21:00:00,ASML,655.228547,2023-02-12 00:00:00
1255,2023-02-12 21:00:00,NVO,139.548094,2023-02-12 00:00:00
1256,2023-02-12 21:00:00,KRE,63.014022,2023-02-12 00:00:00
1257,2023-02-12 21:00:00,UBS,21.568921,2023-02-12 00:00:00
1258,2023-02-12 21:00:00,TSLA,196.633066,2023-02-12 00:00:00
1259,2023-02-12 21:00:00,NVDA,212.143652,2023-02-12 00:00:00
1260,2023-02-13 13:00:00,NVDA,215.559904,2023-02-13 00:00:00
1261,2023-02-13 13:00:00,UVXY,5.331343,2023-02-13 00:00:00
1262,2023-02-13 13:00:00,PGR,138.722012,2023-02-13 00:00:00
1263,2023-02-13 13:00:00,EWW,56.22629,2023-02-13 00:00:00
1264,2023-02-13 13:00:00,XBI,85.62,2023-02-13 00:00:00
1265,2023-02-13 13:00:00,MSFT,266.840301,2023-02-13 00:00:00
1266,2023-02-13 13:00:00,AMZN,97.990433,2023-02-13 00:00:00
1267,2023-02-13 13:00:00,ASML,659.773603,2023-02-13 00:00:00
1268,2023-02-13 13:00:00,CS,3.060768,2023-02-13 00:00:00
1269,2023-02-13 13:00:00,NVO,141.027792,2023-02-13 00:00:00
1270,2023-02-13 13:00:00,KRE,62.986471,2023-02-13 00:00:00
1271,2023-02-13 13:00:00,UBS,21.73,2023-02-13 00:00:00
1272,2023-02-13 13:00:00,TSLA,197.855275,2023-02-13 00:00:00
1273,2023-02-13 13:00:00,XLF,36.49746,2023-02-13 00:00:00
1274,2023-02-13 14:00:00,MSFT,266.451371,2023-02-13 00:00:00
1275,2023-02-13 14:00:00,XBI,85.721155,2023-02-13 00:00:00
1276,2023-02-13 14:00:00,AMZN,97.960255,2023-02-13 00:00:00
1277,2023-02-13 14:00:00,PGR,139.498455,2023-02-13 00:00:00
1278,2023-02-13 14:00:00,UVXY,5.33082,2023-02-13 00:00:00
1279,2023-02-13 14:00:00,EWW,56.59,2023-02-13 00:00:00
1280,2023-02-13 14:00:00,XLF,36.522933,2023-02-13 00:00:00
1281,2023-02-13 14:00:00,TSLA,195.426076,2023-02-13 00:00:00
1282,2023-02-13 14:00:00,CS,3.054879,2023-02-13 00:00:00
1283,2023-02-13 14:00:00,ASML,656.829899,2023-02-13 00:00:00
1284,2023-02-13 14:00:00,NVO,141.010419,2023-02-13 00:00:00
1285,2023-02-13 14:00:00,KRE,62.92,2023-02-13 00:00:00
1286,2023-02-13 14:00:00,UBS,21.65,2023-02-13 00:00:00
1287,2023-02-13 14:00:00,NVDA,214.855459,2023-02-13 00:00:00
1288,2023-02-13 15:00:00,UVXY,5.297996,2023-02-13 00:00:00
1289,2023-02-13 15:00:00,PGR,139.74293,2023-02-13 00:00:00
1290,2023-02-13 15:00:00,EWW,56.58646,2023-02-13 00:00:00
1291,2023-02-13 15:00:00,XBI,84.804694,2023-02-13 00:00:00
1292,2023-02-13 15:00:00,MSFT,269.498265,2023-02-13 00:00:00
1293,2023-02-13 15:00:00,AMZN,97.574691,2023-02-13 00:00:00
1294,2023-02-13 15:00:00,XLF,36.561268,2023-02-13 00:00:00
1295,2023-02-13 15:00:00,CS,3.018613,2023-02-13 00:00:00
1296,2023-02-13 15:00:00,ASML,660.052784,2023-02-13 00:00:00
1297,2023-02-13 15:00:00,NVO,141.208951,2023-02-13 00:00:00
1298,2023-02-13 15:00:00,KRE,62.840761,2023-02-13 00:00:00
1299,2023-02-13 15:00:00,UBS,21.659123,2023-02-13 00:00:00
1300,2023-02-13 15:00:00,TSLA,190.908765,2023-02-13 00:00:00
1301,2023-02-13 15:00:00,NVDA,213.652231,2023-02-13 00:00:00
1302,2023-02-13 16:00:00,AMZN,98.078498,2023-02-13 00:00:00
1303,2023-02-13 16:00:00,UVXY,5.21889,2023-02-13 00:00:00
1304,2023-02-13 16:00:00,PGR,140.187805,2023-02-13 00:00:00
1305,2023-02-13 16:00:00,EWW,56.821366,2023-02-13 00:00:00
1306,2023-02-13 16:00:00,XBI,85.052318,2023-02-13 00:00:00
1307,2023-02-13 16:00:00,MSFT,271.830306,2023-02-13 00:00:00
1308,2023-02-13 16:00:00,XLF,36.772119,2023-02-13 00:00:00
1309,2023-02-13 16:00:00,TSLA,192.261189,2023-02-13 00:00:00
1310,2023-02-13 16:00:00,CS,3.020216,2023-02-13 00:00:00
1311,2023-02-13 16:00:00,ASML,662.585694,2023-02-13 00:00:00
1312,2023-02-13 16:00:00,NVO,142.26495,2023-02-13 00:00:00
1313,2023-02-13 16:00:00,KRE,63.134184,2023-02-13 00:00:00
1314,2023-02-13 16:00:00,UBS,21.737891,2023-02-13 00:00:00
1315,2023-02-13 16:00:00,NVDA,214.9936,2023-02-13 00:00:00
1316,2023-02-13 17:00:00,AMZN,99.092658,2023-02-13 00:00:00
1317,2023-02-13 17:00:00,PGR,140.168871,2023-02-13 00:00:00
1318,2023-02-13 17:00:00,EWW,57.04809,2023-02-13 00:00:00
1319,2023-02-13 17:00:00,XBI,85.656622,2023-02-13 00:00:00
1320,2023-02-13 17:00:00,UVXY,5.161918,2023-02-13 00:00:00
1321,2023-02-13 17:00:00,MSFT,273.437601,2023-02-13 00:00:00
1322,2023-02-13 17:00:00,XLF,36.779351,2023-02-13 00:00:00
1323,2023-02-13 17:00:00,NVO,143.236771,2023-02-13 00:00:00
1324,2023-02-13 17:00:00,CS,3.005235,2023-02-13 00:00:00
1325,2023-02-13 17:00:00,ASML,664.557897,2023-02-13 00:00:00
1326,2023-02-13 17:00:00,KRE,63.234442,2023-02-13 00:00:00
1327,2023-02-13 17:00:00,UBS,21.725206,2023-02-13 00:00:00
1328,2023-02-13 17:00:00,TSLA,193.906439,2023-02-13 00:00:00
1329,2023-02-13 17:00:00,NVDA,218.299462,2023-02-13 00:00:00
1330,2023-02-13 18:00:00,UVXY,5.151054,2023-02-13 00:00:00
1331,2023-02-13 18:00:00,PGR,140.147283,2023-02-13 00:00:00
1332,2023-02-13 18:00:00,EWW,57.099629,2023-02-13 00:00:00
1333,2023-02-13 18:00:00,XBI,86.093964,2023-02-13 00:00:00
1334,2023-02-13 18:00:00,MSFT,272.789391,2023-02-13 00:00:00
1335,2023-02-13 18:00:00,AMZN,99.242085,2023-02-13 00:00:00
1336,2023-02-13 18:00:00,XLF,36.815999,2023-02-13 00:00:00
1337,2023-02-13 18:00:00,NVDA,219.003411,2023-02-13 00:00:00
1338,2023-02-13 18:00:00,CS,3.014838,2023-02-13 00:00:00
1339,2023-02-13 18:00:00,ASML,668.314494,2023-02-13 00:00:00
1340,2023-02-13 18:00:00,NVO,142.47486,2023-02-13 00:00:00
1341,2023-02-13 18:00:00,KRE,63.27323,2023-02-13 00:00:00
1342,2023-02-13 18:00:00,UBS,21.754322,2023-02-13 00:00:00
1343,2023-02-13 18:00:00,TSLA,194.529073,2023-02-13 00:00:00
1344,2023-02-13 19:00:00,UVXY,5.171079,2023-02-13 00:00:00
1345,2023-02-13 19:00:00,PGR,140.032655,2023-02-13 00:00:00
1346,2023-02-13 19:00:00,EWW,57.044613,2023-02-13 00:00:00
1347,2023-02-13 19:00:00,XBI,85.932909,2023-02-13 00:00:00
1348,2023-02-13 19:00:00,MSFT,271.834838,2023-02-13 00:00:00
1349,2023-02-13 19:00:00,AMZN,99.177448,2023-02-13 00:00:00
1350,2023-02-13 19:00:00,XLF,36.823228,2023-02-13 00:00:00
1351,2023-02-13 19:00:00,CS,3.031692,2023-02-13 00:00:00
1352,2023-02-13 19:00:00,ASML,670.345994,2023-02-13 00:00:00
1353,2023-02-13 19:00:00,NVO,142.807354,2023-02-13 00:00:00
1354,2023-02-13 19:00:00,KRE,63.310653,2023-02-13 00:00:00
1355,2023-02-13 19:00:00,UBS,21.805655,2023-02-13 00:00:00
1356,2023-02-13 19:00:00,TSLA,194.144324,2023-02-13 00:00:00
1357,2023-02-13 19:00:00,NVDA,219.412932,2023-02-13 00:00:00
1358,2023-02-13 20:00:00,NVDA,217.693486,2023-02-13 00:00:00
1359,2023-02-13 20:00:00,UVXY,5.212668,2023-02-13 00:00:00
1360,2023-02-13 20:00:00,PGR,140.036102,2023-02-13 00:00:00
1361,2023-02-13 20:00:00,EWW,57.148897,2023-02-13 00:00:00
1362,2023-02-13 20:00:00,XBI,85.592304,2023-02-13 00:00:00
1363,2023-02-13 20:00:00,MSFT,271.217296,2023-02-13 00:00:00
1364,2023-02-13 20:00:00,AMZN,99.075476,2023-02-13 00:00:00
1365,2023-02-13 20:00:00,ASML,669.485444,2023-02-13 00:00:00
1366,2023-02-13 20:00:00,CS,3.021814,2023-02-13 00:00:00
1367,2023-02-13 20:00:00,NVO,142.67559,2023-02-13 00:00:00
1368,2023-02-13 20:00:00,KRE,63.349284,2023-02-13 00:00:00
1369,2023-02-13 20:00:00,UBS,21.818863,2023-02-13 00:00:00
1370,2023-02-13 20:00:00,TSLA,194.294444,2023-02-13 00:00:00
1371,2023-02-13 20:00:00,XLF,36.7927,2023-02-13 00:00:00
1372,2023-02-13 21:00:00,MSFT,270.9598,2023-02-13 00:00:00
1373,2023-02-13 21:00:00,XBI,85.429665,2023-02-13 00:00:00
1374,2023-02-13 21:00:00,AMZN,99.128066,2023-02-13 00:00:00
1375,2023-02-13 21:00:00,PGR,139.574291,2023-02-13 00:00:00
1376,2023-02-13 21:00:00,UVXY,5.148701,2023-02-13 00:00:00
1377,2023-02-13 21:00:00,EWW,57.074894,2023-02-13 00:00:00
1378,2023-02-13 21:00:00,XLF,36.842619,2023-02-13 00:00:00
1379,2023-02-13 21:00:00,TSLA,194.739252,2023-02-13 00:00:00
1380,2023-02-13 21:00:00,CS,3.031555,2023-02-13 00:00:00
1381,2023-02-13 21:00:00,ASML,669.272747,2023-02-13 00:00:00
1382,2023-02-13 21:00:00,NVO,142.859102,2023-02-13 00:00:00
1383,2023-02-13 21:00:00,KRE,63.451089,2023-02-13 00:00:00
1384,2023-02-13 21:00:00,UBS,21.856526,2023-02-13 00:00:00
1385,2023-02-13 21:00:00,NVDA,217.764168,2023-02-13 00:00:00
1386,2023-02-14 13:00:00,UVXY,5.017799,2023-02-14 00:00:00
1387,2023-02-14 13:00:00,PGR,139.574291,2023-02-14 00:00:00
1388,2023-02-14 13:00:00,EWW,57.08,2023-02-14 00:00:00
1389,2023-02-14 13:00:00,XBI,85.56,2023-02-14 00:00:00
1390,2023-02-14 13:00:00,MSFT,272.923472,2023-02-14 00:00:00
1391,2023-02-14 13:00:00,AMZN,99.695107,2023-02-14 00:00:00
1392,2023-02-14 13:00:00,XLF,36.97324,2023-02-14 00:00:00
1393,2023-02-14 13:00:00,CS,3.079754,2023-02-14 00:00:00
1394,2023-02-14 13:00:00,ASML,671.945491,2023-02-14 00:00:00
1395,2023-02-14 13:00:00,NVO,142.904256,2023-02-14 00:00:00
1396,2023-02-14 13:00:00,KRE,63.451089,2023-02-14 00:00:00
1397,2023-02-14 13:00:00,UBS,22.038977,2023-02-14 00:00:00
1398,2023-02-14 13:00:00,TSLA,197.026725,2023-02-14 00:00:00
1399,2023-02-14 13:00:00,NVDA,220.019212,2023-02-14 00:00:00
1400,2023-02-14 14:00:00,AMZN,99.283545,2023-02-14 00:00:00
1401,2023-02-14 14:00:00,UVXY,4.919903,2023-02-14 00:00:00
1402,2023-02-14 14:00:00,PGR,139.712998,2023-02-14 00:00:00
1403,2023-02-14 14:00:00,EWW,57.353508,2023-02-14 00:00:00
1404,2023-02-14 14:00:00,XBI,85.459668,2023-02-14 00:00:00
1405,2023-02-14 14:00:00,MSFT,272.426812,2023-02-14 00:00:00
1406,2023-02-14 14:00:00,XLF,37.018157,2023-02-14 00:00:00
1407,2023-02-14 14:00:00,TSLA,195.788782,2023-02-14 00:00:00
1408,2023-02-14 14:00:00,CS,3.070913,2023-02-14 00:00:00
1409,2023-02-14 14:00:00,ASML,673.036404,2023-02-14 00:00:00
1410,2023-02-14 14:00:00,NVO,142.86835,2023-02-14 00:00:00
1411,2023-02-14 14:00:00,KRE,63.502043,2023-02-14 00:00:00
1412,2023-02-14 14:00:00,UBS,22.045611,2023-02-14 00:00:00
1413,2023-02-14 14:00:00,NVDA,219.153786,2023-02-14 00:00:00
1414,2023-02-14 15:00:00,AMZN,98.849816,2023-02-14 00:00:00
1415,2023-02-14 15:00:00,PGR,140.468548,2023-02-14 00:00:00
1416,2023-02-14 15:00:00,EWW,57.324474,2023-02-14 00:00:00
1417,2023-02-14 15:00:00,XBI,85.241711,2023-02-14 00:00:00
1418,2023-02-14 15:00:00,UVXY,4.975134,2023-02-14 00:00:00
1419,2023-02-14 15:00:00,MSFT,271.575708,2023-02-14 00:00:00
1420,2023-02-14 15:00:00,XLF,36.818582,2023-02-14 00:00:00
1421,2023-02-14 15:00:00,NVO,142.738168,2023-02-14 00:00:00
1422,2023-02-14 15:00:00,CS,3.044447,2023-02-14 00:00:00
1423,2023-02-14 15:00:00,ASML,665.111798,2023-02-14 00:00:00
1424,2023-02-14 15:00:00,KRE,63.184763,2023-02-14 00:00:00
1425,2023-02-14 15:00:00,UBS,21.980088,2023-02-14 00:00:00
1426,2023-02-14 15:00:00,TSLA,196.274654,2023-02-14 00:00:00
1427,2023-02-14 15:00:00,NVDA,221.34898,2023-02-14 00:00:00
1428,2023-02-14 16:00:00,PGR,140.468548,2023-02-14 00:00:00
1429,2023-02-14 16:00:00,EWW,57.324474,2023-02-14 00:00:00
1430,2023-02-14 16:00:00,XBI,85.241711,2023-02-14 00:00:00
1431,2023-02-14 16:00:00,MSFT,271.575708,2023-02-14 00:00:00
1432,2023-02-14 16:00:00,AMZN,98.849816,2023-02-14 00:00:00
1433,2023-02-14 16:00:00,XLF,36.818582,2023-02-14 00:00:00
1434,2023-02-14 16:00:00,UVXY,4.975134,2023-02-14 00:00:00
1435,2023-02-14 16:00:00,CS,3.044447,2023-02-14 00:00:00
1436,2023-02-14 16:00:00,ASML,665.111798,2023-02-14 00:00:00
1437,2023-02-14 16:00:00,NVO,142.738168,2023-02-14 00:00:00
1438,2023-02-14 16:00:00,KRE,63.184763,2023-02-14 00:00:00
1439,2023-02-14 16:00:00,UBS,21.980088,2023-02-14 00:00:00
1440,2023-02-14 16:00:00,TSLA,196.274654,2023-02-14 00:00:00
1441,2023-02-14 16:00:00,NVDA,221.34898,2023-02-14 00:00:00
1442,2023-02-14 17:00:00,UVXY,4.975134,2023-02-14 00:00:00
1443,2023-02-14 17:00:00,PGR,140.468548,2023-02-14 00:00:00
1444,2023-02-14 17:00:00,EWW,57.324474,2023-02-14 00:00:00
1445,2023-02-14 17:00:00,XBI,85.241711,2023-02-14 00:00:00
1446,2023-02-14 17:00:00,MSFT,271.575708,2023-02-14 00:00:00
1447,2023-02-14 17:00:00,AMZN,98.849816,2023-02-14 00:00:00
1448,2023-02-14 17:00:00,XLF,36.818582,2023-02-14 00:00:00
1449,2023-02-14 17:00:00,NVDA,221.34898,2023-02-14 00:00:00
1450,2023-02-14 17:00:00,ASML,665.111798,2023-02-14 00:00:00
1451,2023-02-14 17:00:00,NVO,142.738168,2023-02-14 00:00:00
1452,2023-02-14 17:00:00,KRE,63.184763,2023-02-14 00:00:00
1453,2023-02-14 17:00:00,UBS,21.980088,2023-02-14 00:00:00
1454,2023-02-14 17:00:00,TSLA,196.274654,2023-02-14 00:00:00
1455,2023-02-14 17:00:00,CS,3.044447,2023-02-14 00:00:00
1456,2023-02-14 18:00:00,AMZN,98.849816,2023-02-14 00:00:00
1457,2023-02-14 18:00:00,PGR,140.468548,2023-02-14 00:00:00
1458,2023-02-14 18:00:00,EWW,57.324474,2023-02-14 00:00:00
1459,2023-02-14 18:00:00,UVXY,4.975134,2023-02-14 00:00:00
1460,2023-02-14 18:00:00,MSFT,271.575708,2023-02-14 00:00:00
1461,2023-02-14 18:00:00,XLF,36.818582,2023-02-14 00:00:00
1462,2023-02-14 18:00:00,XBI,85.241711,2023-02-14 00:00:00
1463,2023-02-14 18:00:00,CS,3.044447,2023-02-14 00:00:00
1464,2023-02-14 18:00:00,ASML,665.111798,2023-02-14 00:00:00
1465,2023-02-14 18:00:00,NVO,142.738168,2023-02-14 00:00:00
1466,2023-02-14 18:00:00,KRE,63.184763,2023-02-14 00:00:00
1467,2023-02-14 18:00:00,UBS,21.980088,2023-02-14 00:00:00
1468,2023-02-14 18:00:00,TSLA,196.274654,2023-02-14 00:00:00
1469,2023-02-14 18:00:00,NVDA,221.34898,2023-02-14 00:00:00
1470,2023-02-14 19:00:00,UVXY,4.975134,2023-02-14 00:00:00
1471,2023-02-14 19:00:00,PGR,140.468548,2023-02-14 00:00:00
1472,2023-02-14 19:00:00,EWW,57.324474,2023-02-14 00:00:00
1473,2023-02-14 19:00:00,XBI,85.241711,2023-02-14 00:00:00
1474,2023-02-14 19:00:00,MSFT,271.575708,2023-02-14 00:00:00
1475,2023-02-14 19:00:00,AMZN,98.849816,2023-02-14 00:00:00
1476,2023-02-14 19:00:00,XLF,36.818582,2023-02-14 00:00:00
1477,2023-02-14 19:00:00,NVDA,221.34898,2023-02-14 00:00:00
1478,2023-02-14 19:00:00,CS,3.044447,2023-02-14 00:00:00
1479,2023-02-14 19:00:00,ASML,665.111798,2023-02-14 00:00:00
1480,2023-02-14 19:00:00,NVO,142.738168,2023-02-14 00:00:00
1481,2023-02-14 19:00:00,KRE,63.184763,2023-02-14 00:00:00
1482,2023-02-14 19:00:00,UBS,21.980088,2023-02-14 00:00:00
1483,2023-02-14 19:00:00,TSLA,196.274654,2023-02-14 00:00:00
1484,2023-02-14 20:00:00,PGR,140.468548,2023-02-14 00:00:00
1485,2023-02-14 20:00:00,EWW,57.324474,2023-02-14 00:00:00
1486,2023-02-14 20:00:00,XBI,85.241711,2023-02-14 00:00:00
1487,2023-02-14 20:00:00,UVXY,4.975134,2023-02-14 00:00:00
1488,2023-02-14 20:00:00,MSFT,271.575708,2023-02-14 00:00:00
1489,2023-02-14 20:00:00,AMZN,98.849816,2023-02-14 00:00:00
1490,2023-02-14 20:00:00,XLF,36.818582,2023-02-14 00:00:00
1491,2023-02-14 20:00:00,NVO,142.738168,2023-02-14 00:00:00
1492,2023-02-14 20:00:00,CS,3.044447,2023-02-14 00:00:00
1493,2023-02-14 20:00:00,ASML,665.111798,2023-02-14 00:00:00
1494,2023-02-14 20:00:00,KRE,63.184763,2023-02-14 00:00:00
1495,2023-02-14 20:00:00,UBS,21.980088,2023-02-14 00:00:00
1496,2023-02-14 20:00:00,TSLA,196.274654,2023-02-14 00:00:00
1497,2023-02-14 20:00:00,NVDA,221.34898,2023-02-14 00:00:00
1498,2023-02-14 21:00:00,EWW,57.324474,2023-02-14 00:00:00
1499,2023-02-14 21:00:00,XBI,85.241711,2023-02-14 00:00:00
1500,2023-02-14 21:00:00,MSFT,271.575708,2023-02-14 00:00:00
1501,2023-02-14 21:00:00,AMZN,98.849816,2023-02-14 00:00:00
1502,2023-02-14 21:00:00,XLF,36.818582,2023-02-14 00:00:00
1503,2023-02-14 21:00:00,NVDA,221.34898,2023-02-14 00:00:00
1504,2023-02-14 21:00:00,NVO,142.738168,2023-02-14 00:00:00
1505,2023-02-14 21:00:00,ASML,665.111798,2023-02-14 00:00:00
1506,2023-02-14 21:00:00,KRE,63.184763,2023-02-14 00:00:00
1507,2023-02-14 21:00:00,UBS,21.980088,2023-02-14 00:00:00
1508,2023-02-14 21:00:00,TSLA,196.274654,2023-02-14 00:00:00
1509,2023-02-14 21:00:00,PGR,140.468548,2023-02-14 00:00:00
1510,2023-02-14 21:00:00,CS,3.044447,2023-02-14 00:00:00
1511,2023-02-14 21:00:00,UVXY,4.975134,2023-02-14 00:00:00
